,Store/Product,MAPE,R^2
0,Store_1 - AUTOMOTIVE,79.07,0.05203
1,Store_1 - BABY_CARE,,
2,Store_1 - BEAUTY,66.83,0.09228
3,Store_1 - BEVERAGES,17.83,0.55825
4,Store_1 - BOOKS,496.29,0.18965
5,Store_1 - BREAD/BAKERY,37.08,0.35256
6,Store_1 - CELEBRATION,295.86,0.04783
7,Store_1 - CLEANING,24.89,0.65435
8,Store_1 - DAIRY,23.82,0.47791
9,Store_1 - DELI,18.66,0.53888
10,Store_1 - EGGS,16.5,0.58415
11,Store_1 - FROZEN_FOODS,35.58,0.09468
12,Store_1 - GROCERY_I,19.68,0.6505
13,Store_1 - GROCERY_II,37.55,0.35462
14,Store_1 - HARDWARE,74.56,0.00296
15,Store_1 - HOME_AND_KITCHEN_I,44.66,0.30611
16,Store_1 - HOME_AND_KITCHEN_II,32.61,0.46122
17,Store_1 - HOME_APPLIANCES,536.36,0.10241
18,Store_1 - HOME_CARE,35.07,0.5447
19,Store_1 - LADIESWEAR,52.94,0.30515
20,Store_1 - LAWN_AND_GARDEN,37.01,0.30586
21,Store_1 - LINGERIE,101.2,0.00552
22,Store_1 - LIQUOR_WINE_BEER,21.7,0.49605
23,Store_1 - MAGAZINES,74.25,0.0007
24,Store_1 - MEATS,16.57,0.642
25,Store_1 - PERSONAL_CARE,25.77,0.55994
26,Store_1 - PET_SUPPLIES,63.49,0.03764
27,Store_1 - PLAYERS_AND_ELECTRONICS,61.19,0.12913
28,Store_1 - POULTRY,26.87,0.56807
29,Store_1 - PREPARED_FOODS,44.56,0.11281
30,Store_1 - PRODUCE,20.19,0.80946
31,Store_1 - SCHOOL_AND_OFFICE_SUPPLIES,,
32,Store_1 - SEAFOOD,36.08,0.01382
33,Store_10 - AUTOMOTIVE,59.19,0.00774
34,Store_10 - BABY_CARE,,
35,Store_10 - BEAUTY,44.05,0.09397
36,Store_10 - BEVERAGES,13.72,0.08702
37,Store_10 - BOOKS,,
38,Store_10 - BREAD/BAKERY,11.47,0.62321
39,Store_10 - CELEBRATION,46.34,0.35692
40,Store_10 - CLEANING,15.96,0.25176
41,Store_10 - DAIRY,13.19,0.59152
42,Store_10 - DELI,19.02,0.37757
43,Store_10 - EGGS,52.25,0.60822
44,Store_10 - FROZEN_FOODS,26.77,0.09779
45,Store_10 - GROCERY_I,8.8,0.63005
46,Store_10 - GROCERY_II,55.36,0.31126
47,Store_10 - HARDWARE,55.59,0.28565
48,Store_10 - HOME_AND_KITCHEN_I,49.25,0.16151
49,Store_10 - HOME_AND_KITCHEN_II,31.17,0.46039
50,Store_10 - HOME_APPLIANCES,136.59,0.01149
51,Store_10 - HOME_CARE,16.25,0.34945
52,Store_10 - LADIESWEAR,68.91,0.11476
53,Store_10 - LAWN_AND_GARDEN,,
54,Store_10 - LINGERIE,69.21,0.10594
55,Store_10 - LIQUOR_WINE_BEER,41.77,0.77244
56,Store_10 - MAGAZINES,92.94,0.02458
57,Store_10 - MEATS,12.75,0.49219
58,Store_10 - PERSONAL_CARE,13.78,0.37542
59,Store_10 - PET_SUPPLIES,82.91,0.02184
60,Store_10 - PLAYERS_AND_ELECTRONICS,88.82,0.15937
61,Store_10 - POULTRY,14.38,0.43062
62,Store_10 - PREPARED_FOODS,27.85,0.10902
63,Store_10 - PRODUCE,15.05,0.40445
64,Store_10 - SCHOOL_AND_OFFICE_SUPPLIES,39.83,0.68556
65,Store_10 - SEAFOOD,65.89,0.00031
66,Store_11 - AUTOMOTIVE,55.5,0.16465
67,Store_11 - BABY_CARE,266.08,0.07273
68,Store_11 - BEAUTY,90.29,0.02355
69,Store_11 - BEVERAGES,12.11,0.15807
70,Store_11 - BOOKS,,
71,Store_11 - BREAD/BAKERY,20.44,0.03726
72,Store_11 - CELEBRATION,29.42,0.21455
73,Store_11 - CLEANING,15.39,0.35617
74,Store_11 - DAIRY,12.89,0.16804
75,Store_11 - DELI,11.34,0.27817
76,Store_11 - EGGS,28.24,0.14774
77,Store_11 - FROZEN_FOODS,20.66,0.4748
78,Store_11 - GROCERY_I,11.9,0.33517
79,Store_11 - GROCERY_II,33.17,0.18764
80,Store_11 - HARDWARE,53.72,0.00082
81,Store_11 - HOME_AND_KITCHEN_I,59.99,0.45566
82,Store_11 - HOME_AND_KITCHEN_II,48.24,0.12117
83,Store_11 - HOME_APPLIANCES,225.39,0.07248
84,Store_11 - HOME_CARE,17.93,0.1141
85,Store_11 - LADIESWEAR,248.25,0.04686
86,Store_11 - LAWN_AND_GARDEN,60.67,0.13342
87,Store_11 - LINGERIE,44.59,0.00267
88,Store_11 - LIQUOR_WINE_BEER,24.94,0.85775
89,Store_11 - MAGAZINES,108.67,0.34176
90,Store_11 - MEATS,14.44,0.35919
91,Store_11 - PERSONAL_CARE,15.05,0.47609
92,Store_11 - PET_SUPPLIES,77.95,0.00228
93,Store_11 - PLAYERS_AND_ELECTRONICS,41.84,0.0965
94,Store_11 - POULTRY,12.58,0.78801
95,Store_11 - PREPARED_FOODS,40.43,0.46843
96,Store_11 - PRODUCE,11.04,0.77968
97,Store_11 - SCHOOL_AND_OFFICE_SUPPLIES,36.61,0.25548
98,Store_11 - SEAFOOD,44.3,0.02349
99,Store_12 - AUTOMOTIVE,50.6,0.01179
100,Store_12 - BABY_CARE,,
101,Store_12 - BEAUTY,30.02,0.4967
102,Store_12 - BEVERAGES,18.25,0.39923
103,Store_12 - BOOKS,,
104,Store_12 - BREAD/BAKERY,12.27,0.37388
105,Store_12 - CELEBRATION,110.79,0.00958
106,Store_12 - CLEANING,26.48,0.86765
107,Store_12 - DAIRY,20.47,0.1794
108,Store_12 - DELI,21.99,0.18813
109,Store_12 - EGGS,70.2,0.0011
110,Store_12 - FROZEN_FOODS,39.86,0.07096
111,Store_12 - GROCERY_I,12.88,0.52524
112,Store_12 - GROCERY_II,80.5,0.11718
113,Store_12 - HARDWARE,115.54,0.09525
114,Store_12 - HOME_AND_KITCHEN_I,42.78,0.03046
115,Store_12 - HOME_AND_KITCHEN_II,19.64,0.1733
116,Store_12 - HOME_APPLIANCES,140.01,0.0805
117,Store_12 - HOME_CARE,15.74,0.15094
118,Store_12 - LADIESWEAR,83.74,0.00091
119,Store_12 - LAWN_AND_GARDEN,,
120,Store_12 - LINGERIE,59.93,0.36318
121,Store_12 - LIQUOR_WINE_BEER,48.85,0.9115
122,Store_12 - MAGAZINES,54.17,0.11286
123,Store_12 - MEATS,27.01,0.29095
124,Store_12 - PERSONAL_CARE,19.08,0.16279
125,Store_12 - PET_SUPPLIES,50.25,0.49314
126,Store_12 - PLAYERS_AND_ELECTRONICS,49.1,0.23116
127,Store_12 - POULTRY,11.4,0.08108
128,Store_12 - PREPARED_FOODS,31.05,0.03298
129,Store_12 - PRODUCE,13.45,0.66242
130,Store_12 - SCHOOL_AND_OFFICE_SUPPLIES,31.58,0.78313
131,Store_12 - SEAFOOD,119.6,0.02561
132,Store_13 - AUTOMOTIVE,49.16,0.67496
133,Store_13 - BABY_CARE,,
134,Store_13 - BEAUTY,52.07,0.34582
135,Store_13 - BEVERAGES,14.05,0.37126
136,Store_13 - BOOKS,,
137,Store_13 - BREAD/BAKERY,20.03,0.40358
138,Store_13 - CELEBRATION,109.63,0.13269
139,Store_13 - CLEANING,37.85,0.1189
140,Store_13 - DAIRY,14.0,0.48206
141,Store_13 - DELI,14.91,0.44287
142,Store_13 - EGGS,45.48,0.32957
143,Store_13 - FROZEN_FOODS,23.26,0.29246
144,Store_13 - GROCERY_I,9.7,0.41892
145,Store_13 - GROCERY_II,115.27,0.16511
146,Store_13 - HARDWARE,911.77,0.14869
147,Store_13 - HOME_AND_KITCHEN_I,50.27,0.00069
148,Store_13 - HOME_AND_KITCHEN_II,55.43,0.01169
149,Store_13 - HOME_APPLIANCES,,
150,Store_13 - HOME_CARE,9.98,0.62214
151,Store_13 - LADIESWEAR,85.97,0.33104
152,Store_13 - LAWN_AND_GARDEN,,
153,Store_13 - LINGERIE,55.5,3e-05
154,Store_13 - LIQUOR_WINE_BEER,50.88,0.67587
155,Store_13 - MAGAZINES,70.55,0.03723
156,Store_13 - MEATS,24.63,0.65879
157,Store_13 - PERSONAL_CARE,15.91,0.44016
158,Store_13 - PET_SUPPLIES,99.54,0.00484
159,Store_13 - PLAYERS_AND_ELECTRONICS,38.45,0.07517
160,Store_13 - POULTRY,18.15,0.53351
161,Store_13 - PREPARED_FOODS,27.42,0.04327
162,Store_13 - PRODUCE,17.63,0.21538
163,Store_13 - SCHOOL_AND_OFFICE_SUPPLIES,36.79,0.57852
164,Store_13 - SEAFOOD,108.18,0.20052
165,Store_14 - AUTOMOTIVE,84.1,0.28152
166,Store_14 - BABY_CARE,,
167,Store_14 - BEAUTY,30.92,0.13655
168,Store_14 - BEVERAGES,19.88,0.01069
169,Store_14 - BOOKS,,
170,Store_14 - BREAD/BAKERY,17.44,0.07147
171,Store_14 - CELEBRATION,52.72,0.28425
172,Store_14 - CLEANING,75.17,0.36197
173,Store_14 - DAIRY,12.43,0.53299
174,Store_14 - DELI,17.97,0.40059
175,Store_14 - EGGS,57.77,0.08335
176,Store_14 - FROZEN_FOODS,26.96,0.54035
177,Store_14 - GROCERY_I,13.56,0.34538
178,Store_14 - GROCERY_II,314.05,0.34535
179,Store_14 - HARDWARE,143.67,0.00883
180,Store_14 - HOME_AND_KITCHEN_I,99.98,0.22814
181,Store_14 - HOME_AND_KITCHEN_II,31.76,0.18732
182,Store_14 - HOME_APPLIANCES,314.4,0.20104
183,Store_14 - HOME_CARE,20.39,0.62928
184,Store_14 - LADIESWEAR,83.25,0.00028
185,Store_14 - LAWN_AND_GARDEN,,
186,Store_14 - LINGERIE,66.66,0.01579
187,Store_14 - LIQUOR_WINE_BEER,96.6,0.45572
188,Store_14 - MAGAZINES,38.57,0.23169
189,Store_14 - MEATS,26.07,0.62174
190,Store_14 - PERSONAL_CARE,13.74,0.59645
191,Store_14 - PET_SUPPLIES,90.38,0.02887
192,Store_14 - PLAYERS_AND_ELECTRONICS,45.12,0.01762
193,Store_14 - POULTRY,27.12,0.7891
194,Store_14 - PREPARED_FOODS,10.72,0.62584
195,Store_14 - PRODUCE,12.72,0.48582
196,Store_14 - SCHOOL_AND_OFFICE_SUPPLIES,24.89,0.86981
197,Store_14 - SEAFOOD,40.85,0.2043
198,Store_15 - AUTOMOTIVE,38.02,0.11326
199,Store_15 - BABY_CARE,166.92,0.02867
200,Store_15 - BEAUTY,54.27,0.03563
201,Store_15 - BEVERAGES,11.18,0.16172
202,Store_15 - BOOKS,,
203,Store_15 - BREAD/BAKERY,18.56,0.28402
204,Store_15 - CELEBRATION,84.99,0.00081
205,Store_15 - CLEANING,17.07,0.50161
206,Store_15 - DAIRY,13.68,0.46665
207,Store_15 - DELI,19.52,0.47607
208,Store_15 - EGGS,18.92,0.40822
209,Store_15 - FROZEN_FOODS,16.19,0.35335
210,Store_15 - GROCERY_I,16.53,0.46651
211,Store_15 - GROCERY_II,105.06,0.05545
212,Store_15 - HARDWARE,50.05,0.00942
213,Store_15 - HOME_AND_KITCHEN_I,136.73,0.01684
214,Store_15 - HOME_AND_KITCHEN_II,27.29,0.07005
215,Store_15 - HOME_APPLIANCES,40.94,0.00012
216,Store_15 - HOME_CARE,18.36,0.36062
217,Store_15 - LADIESWEAR,74.2,0.39202
218,Store_15 - LAWN_AND_GARDEN,,
219,Store_15 - LINGERIE,146.08,0.06149
220,Store_15 - LIQUOR_WINE_BEER,30.86,0.69817
221,Store_15 - MAGAZINES,49.49,0.03969
222,Store_15 - MEATS,20.31,0.57868
223,Store_15 - PERSONAL_CARE,19.61,0.25111
224,Store_15 - PET_SUPPLIES,116.3,0.14221
225,Store_15 - PLAYERS_AND_ELECTRONICS,76.02,0.02216
226,Store_15 - POULTRY,13.76,0.32868
227,Store_15 - PREPARED_FOODS,21.91,0.15468
228,Store_15 - PRODUCE,12.43,0.89608
229,Store_15 - SCHOOL_AND_OFFICE_SUPPLIES,32.62,0.69217
230,Store_15 - SEAFOOD,87.8,0.08714
231,Store_16 - AUTOMOTIVE,94.38,0.18726
232,Store_16 - BABY_CARE,54.48,0.01193
233,Store_16 - BEAUTY,50.76,0.17033
234,Store_16 - BEVERAGES,18.42,0.07347
235,Store_16 - BOOKS,,
236,Store_16 - BREAD/BAKERY,15.24,0.59067
237,Store_16 - CELEBRATION,144.95,0.13594
238,Store_16 - CLEANING,57.07,0.00035
239,Store_16 - DAIRY,11.12,0.66203
240,Store_16 - DELI,17.59,0.56237
241,Store_16 - EGGS,25.98,0.85998
242,Store_16 - FROZEN_FOODS,34.0,0.78998
243,Store_16 - GROCERY_I,12.63,0.53649
244,Store_16 - GROCERY_II,103.26,0.11226
245,Store_16 - HARDWARE,106.09,0.11706
246,Store_16 - HOME_AND_KITCHEN_I,88.04,0.05635
247,Store_16 - HOME_AND_KITCHEN_II,32.84,0.14311
248,Store_16 - HOME_APPLIANCES,37.52,0.00178
249,Store_16 - HOME_CARE,25.33,0.30911
250,Store_16 - LADIESWEAR,,
251,Store_16 - LAWN_AND_GARDEN,,
252,Store_16 - LINGERIE,58.27,0.04235
253,Store_16 - LIQUOR_WINE_BEER,68.17,0.65045
254,Store_16 - MAGAZINES,48.73,0.03048
255,Store_16 - MEATS,23.75,0.23625
256,Store_16 - PERSONAL_CARE,19.35,0.49925
257,Store_16 - PET_SUPPLIES,58.01,0.03576
258,Store_16 - PLAYERS_AND_ELECTRONICS,56.31,0.01583
259,Store_16 - POULTRY,20.19,0.04699
260,Store_16 - PREPARED_FOODS,23.98,0.38306
261,Store_16 - PRODUCE,10.8,0.89121
262,Store_16 - SCHOOL_AND_OFFICE_SUPPLIES,,
263,Store_16 - SEAFOOD,50.4,0.32517
264,Store_17 - AUTOMOTIVE,82.8,0.263
265,Store_17 - BABY_CARE,69.04,0.02298
266,Store_17 - BEAUTY,123.01,0.02642
267,Store_17 - BEVERAGES,10.83,0.7507
268,Store_17 - BOOKS,,
269,Store_17 - BREAD/BAKERY,14.98,0.66942
270,Store_17 - CELEBRATION,82.93,0.00424
271,Store_17 - CLEANING,19.36,0.31854
272,Store_17 - DAIRY,13.96,0.64974
273,Store_17 - DELI,14.38,0.35857
274,Store_17 - EGGS,24.08,0.60727
275,Store_17 - FROZEN_FOODS,20.63,0.75304
276,Store_17 - GROCERY_I,14.0,0.5881
277,Store_17 - GROCERY_II,42.35,0.14637
278,Store_17 - HARDWARE,45.4,0.496
279,Store_17 - HOME_AND_KITCHEN_I,23.78,0.32721
280,Store_17 - HOME_AND_KITCHEN_II,20.18,0.37366
281,Store_17 - HOME_APPLIANCES,329.98,0.00012
282,Store_17 - HOME_CARE,17.34,0.48623
283,Store_17 - LADIESWEAR,980.15,0.11815
284,Store_17 - LAWN_AND_GARDEN,,
285,Store_17 - LINGERIE,66.24,0.04968
286,Store_17 - LIQUOR_WINE_BEER,36.96,0.8286
287,Store_17 - MAGAZINES,58.57,0.01109
288,Store_17 - MEATS,15.28,0.42077
289,Store_17 - PERSONAL_CARE,16.67,0.5124
290,Store_17 - PET_SUPPLIES,66.64,0.11944
291,Store_17 - PLAYERS_AND_ELECTRONICS,56.59,0.0762
292,Store_17 - POULTRY,15.29,0.26848
293,Store_17 - PREPARED_FOODS,18.94,0.18651
294,Store_17 - PRODUCE,12.16,0.86131
295,Store_17 - SCHOOL_AND_OFFICE_SUPPLIES,28.31,0.80053
296,Store_17 - SEAFOOD,51.65,0.5124
297,Store_18 - AUTOMOTIVE,39.3,0.36141
298,Store_18 - BABY_CARE,81.7,0.02074
299,Store_18 - BEAUTY,64.28,0.24248
300,Store_18 - BEVERAGES,18.74,0.56971
301,Store_18 - BOOKS,,
302,Store_18 - BREAD/BAKERY,10.86,0.75445
303,Store_18 - CELEBRATION,49.59,0.05149
304,Store_18 - CLEANING,15.5,0.54401
305,Store_18 - DAIRY,18.88,0.59804
306,Store_18 - DELI,29.99,0.18966
307,Store_18 - EGGS,21.0,0.51703
308,Store_18 - FROZEN_FOODS,18.08,0.42723
309,Store_18 - GROCERY_I,11.17,0.48294
310,Store_18 - GROCERY_II,37.17,0.22365
311,Store_18 - HARDWARE,71.3,0.02808
312,Store_18 - HOME_AND_KITCHEN_I,120.06,0.01841
313,Store_18 - HOME_AND_KITCHEN_II,29.73,0.39039
314,Store_18 - HOME_APPLIANCES,360.56,0.03646
315,Store_18 - HOME_CARE,17.15,0.59223
316,Store_18 - LADIESWEAR,74.74,0.52326
317,Store_18 - LAWN_AND_GARDEN,101.86,0.00016
318,Store_18 - LINGERIE,71.1,0.31601
319,Store_18 - LIQUOR_WINE_BEER,46.2,0.62019
320,Store_18 - MAGAZINES,41.03,0.01399
321,Store_18 - MEATS,31.38,0.49289
322,Store_18 - PERSONAL_CARE,23.56,0.57942
323,Store_18 - PET_SUPPLIES,76.91,0.43066
324,Store_18 - PLAYERS_AND_ELECTRONICS,45.15,0.31585
325,Store_18 - POULTRY,37.93,0.38666
326,Store_18 - PREPARED_FOODS,24.32,0.24366
327,Store_18 - PRODUCE,13.36,0.92527
328,Store_18 - SCHOOL_AND_OFFICE_SUPPLIES,43.92,0.00164
329,Store_18 - SEAFOOD,25.84,0.22946
330,Store_19 - AUTOMOTIVE,67.66,0.01122
331,Store_19 - BABY_CARE,71.59,0.00297
332,Store_19 - BEAUTY,47.08,0.15472
333,Store_19 - BEVERAGES,10.42,0.62807
334,Store_19 - BOOKS,,
335,Store_19 - BREAD/BAKERY,16.63,0.38471
336,Store_19 - CELEBRATION,131.15,0.44795
337,Store_19 - CLEANING,15.07,0.6261
338,Store_19 - DAIRY,15.5,0.4073
339,Store_19 - DELI,14.53,0.43213
340,Store_19 - EGGS,40.88,0.48207
341,Store_19 - FROZEN_FOODS,33.31,0.00778
342,Store_19 - GROCERY_I,8.36,0.8064
343,Store_19 - GROCERY_II,1018.74,0.27608
344,Store_19 - HARDWARE,54.32,0.33162
345,Store_19 - HOME_AND_KITCHEN_I,49.18,0.00046
346,Store_19 - HOME_AND_KITCHEN_II,44.94,0.03817
347,Store_19 - HOME_APPLIANCES,84.02,0.13608
348,Store_19 - HOME_CARE,18.87,0.53988
349,Store_19 - LADIESWEAR,65.48,0.37716
350,Store_19 - LAWN_AND_GARDEN,,
351,Store_19 - LINGERIE,190.46,0.00507
352,Store_19 - LIQUOR_WINE_BEER,41.87,0.58908
353,Store_19 - MAGAZINES,65.91,0.00056
354,Store_19 - MEATS,13.76,0.38364
355,Store_19 - PERSONAL_CARE,12.79,0.70735
356,Store_19 - PET_SUPPLIES,54.57,0.03173
357,Store_19 - PLAYERS_AND_ELECTRONICS,69.34,0.10533
358,Store_19 - POULTRY,20.53,0.90318
359,Store_19 - PREPARED_FOODS,34.76,0.24281
360,Store_19 - PRODUCE,14.72,0.37634
361,Store_19 - SCHOOL_AND_OFFICE_SUPPLIES,71.03,0.64484
362,Store_19 - SEAFOOD,56.02,0.0521
363,Store_2 - AUTOMOTIVE,57.14,0.04696
364,Store_2 - BABY_CARE,,
365,Store_2 - BEAUTY,25.66,0.08918
366,Store_2 - BEVERAGES,16.97,0.33561
367,Store_2 - BOOKS,,
368,Store_2 - BREAD/BAKERY,11.54,0.36856
369,Store_2 - CELEBRATION,55.51,0.20573
370,Store_2 - CLEANING,22.48,0.30071
371,Store_2 - DAIRY,13.94,0.44915
372,Store_2 - DELI,15.51,0.57874
373,Store_2 - EGGS,9.05,0.81196
374,Store_2 - FROZEN_FOODS,21.86,0.28315
375,Store_2 - GROCERY_I,57.03,0.09703
376,Store_2 - GROCERY_II,79.48,0.23799
377,Store_2 - HARDWARE,59.95,0.04678
378,Store_2 - HOME_AND_KITCHEN_I,21.48,0.44442
379,Store_2 - HOME_AND_KITCHEN_II,52.55,0.26764
380,Store_2 - HOME_APPLIANCES,648.04,0.12309
381,Store_2 - HOME_CARE,38.68,0.17764
382,Store_2 - LADIESWEAR,44.56,0.52734
383,Store_2 - LAWN_AND_GARDEN,50.25,0.23682
384,Store_2 - LINGERIE,89.69,0.30442
385,Store_2 - LIQUOR_WINE_BEER,17.13,0.81859
386,Store_2 - MAGAZINES,57.28,0.15845
387,Store_2 - MEATS,20.38,0.72782
388,Store_2 - PERSONAL_CARE,30.11,0.18724
389,Store_2 - PET_SUPPLIES,68.46,0.03622
390,Store_2 - PLAYERS_AND_ELECTRONICS,42.36,0.21485
391,Store_2 - POULTRY,13.02,0.65355
392,Store_2 - PREPARED_FOODS,16.89,0.08769
393,Store_2 - PRODUCE,11.91,0.64601
394,Store_2 - SCHOOL_AND_OFFICE_SUPPLIES,,
395,Store_2 - SEAFOOD,14.66,0.41641
396,Store_20 - AUTOMOTIVE,75.85,0.03184
397,Store_20 - BABY_CARE,579.85,0.00124
398,Store_20 - BEAUTY,72.19,0.06148
399,Store_20 - BEVERAGES,17.39,0.60225
400,Store_20 - BOOKS,,
401,Store_20 - BREAD/BAKERY,15.55,0.71179
402,Store_20 - CELEBRATION,70.6,0.55656
403,Store_20 - CLEANING,66.58,0.53276
404,Store_20 - DAIRY,14.71,0.74186
405,Store_20 - DELI,14.29,0.7201
406,Store_20 - EGGS,35.73,0.48192
407,Store_20 - FROZEN_FOODS,25.64,0.31588
408,Store_20 - GROCERY_I,17.92,0.40711
409,Store_20 - GROCERY_II,41.13,0.02897
410,Store_20 - HARDWARE,70.34,0.07974
411,Store_20 - HOME_AND_KITCHEN_I,77.21,0.23831
412,Store_20 - HOME_AND_KITCHEN_II,39.25,0.63907
413,Store_20 - HOME_APPLIANCES,,
414,Store_20 - HOME_CARE,14.5,0.76256
415,Store_20 - LADIESWEAR,298.41,0.36937
416,Store_20 - LAWN_AND_GARDEN,106.99,0.24616
417,Store_20 - LINGERIE,79.23,0.02013
418,Store_20 - LIQUOR_WINE_BEER,29.6,0.71482
419,Store_20 - MAGAZINES,52.72,0.49653
420,Store_20 - MEATS,10.58,0.90048
421,Store_20 - PERSONAL_CARE,13.3,0.77746
422,Store_20 - PET_SUPPLIES,60.38,0.00184
423,Store_20 - PLAYERS_AND_ELECTRONICS,79.77,0.07139
424,Store_20 - POULTRY,18.3,0.70938
425,Store_20 - PREPARED_FOODS,14.92,0.70077
426,Store_20 - PRODUCE,12.16,0.76498
427,Store_20 - SCHOOL_AND_OFFICE_SUPPLIES,113.62,0.34633
428,Store_20 - SEAFOOD,43.88,0.31694
429,Store_21 - AUTOMOTIVE,45.83,0.5258
430,Store_21 - BABY_CARE,158.13,0.25252
431,Store_21 - BEAUTY,72.48,0.5346
432,Store_21 - BEVERAGES,14.59,0.53524
433,Store_21 - BOOKS,,
434,Store_21 - BREAD/BAKERY,13.13,0.85032
435,Store_21 - CELEBRATION,86.07,0.09028
436,Store_21 - CLEANING,60.51,0.51801
437,Store_21 - DAIRY,13.95,0.72863
438,Store_21 - DELI,14.82,0.6658
439,Store_21 - EGGS,29.29,0.34627
440,Store_21 - FROZEN_FOODS,19.55,0.8644
441,Store_21 - GROCERY_I,9.34,0.78188
442,Store_21 - GROCERY_II,60.67,0.11244
443,Store_21 - HARDWARE,118.6,0.02911
444,Store_21 - HOME_AND_KITCHEN_I,32.39,0.13874
445,Store_21 - HOME_AND_KITCHEN_II,28.04,0.33946
446,Store_21 - HOME_APPLIANCES,162.25,0.05914
447,Store_21 - HOME_CARE,13.13,0.67829
448,Store_21 - LADIESWEAR,42.35,0.45532
449,Store_21 - LAWN_AND_GARDEN,87.97,0.11686
450,Store_21 - LINGERIE,69.45,0.32765
451,Store_21 - LIQUOR_WINE_BEER,42.92,0.36321
452,Store_21 - MAGAZINES,65.35,0.10456
453,Store_21 - MEATS,24.88,0.284
454,Store_21 - PERSONAL_CARE,14.33,0.63896
455,Store_21 - PET_SUPPLIES,73.43,0.00746
456,Store_21 - PLAYERS_AND_ELECTRONICS,61.2,0.4405
457,Store_21 - POULTRY,17.3,0.41317
458,Store_21 - PREPARED_FOODS,13.88,0.34132
459,Store_21 - PRODUCE,12.98,0.84247
460,Store_21 - SCHOOL_AND_OFFICE_SUPPLIES,555.81,0.00952
461,Store_21 - SEAFOOD,90.15,0.45563
462,Store_22 - AUTOMOTIVE,81.08,0.26931
463,Store_22 - BABY_CARE,90.67,0.21439
464,Store_22 - BEAUTY,49.58,0.0843
465,Store_22 - BEVERAGES,22.99,0.00012
466,Store_22 - BOOKS,,
467,Store_22 - BREAD/BAKERY,24.93,0.11677
468,Store_22 - CELEBRATION,143.44,0.07886
469,Store_22 - CLEANING,20.47,0.34397
470,Store_22 - DAIRY,12.37,0.24321
471,Store_22 - DELI,22.59,0.02376
472,Store_22 - EGGS,64.91,0.00502
473,Store_22 - FROZEN_FOODS,19.26,0.77713
474,Store_22 - GROCERY_I,15.1,0.00418
475,Store_22 - GROCERY_II,121.64,0.29473
476,Store_22 - HARDWARE,53.05,0.01035
477,Store_22 - HOME_AND_KITCHEN_I,38.73,0.14489
478,Store_22 - HOME_AND_KITCHEN_II,26.07,0.10856
479,Store_22 - HOME_APPLIANCES,,
480,Store_22 - HOME_CARE,17.23,0.01204
481,Store_22 - LADIESWEAR,504.97,0.03402
482,Store_22 - LAWN_AND_GARDEN,,
483,Store_22 - LINGERIE,199.58,0.01516
484,Store_22 - LIQUOR_WINE_BEER,72.68,0.54809
485,Store_22 - MAGAZINES,53.63,0.84058
486,Store_22 - MEATS,52.38,0.00053
487,Store_22 - PERSONAL_CARE,21.73,0.13174
488,Store_22 - PET_SUPPLIES,55.55,0.0931
489,Store_22 - PLAYERS_AND_ELECTRONICS,68.54,0.16803
490,Store_22 - POULTRY,51.66,0.04412
491,Store_22 - PREPARED_FOODS,57.5,0.00159
492,Store_22 - PRODUCE,23.82,0.3596
493,Store_22 - SCHOOL_AND_OFFICE_SUPPLIES,18.09,0.96659
494,Store_22 - SEAFOOD,91.76,0.10219
495,Store_23 - AUTOMOTIVE,49.67,0.00036
496,Store_23 - BABY_CARE,,
497,Store_23 - BEAUTY,53.06,0.57622
498,Store_23 - BEVERAGES,16.84,0.18271
499,Store_23 - BOOKS,102.72,0.02625
500,Store_23 - BREAD/BAKERY,17.92,0.01379
501,Store_23 - CELEBRATION,211.38,0.09215
502,Store_23 - CLEANING,13.23,0.26316
503,Store_23 - DAIRY,10.29,0.10588
504,Store_23 - DELI,14.05,0.15267
505,Store_23 - EGGS,14.88,0.00724
506,Store_23 - FROZEN_FOODS,36.74,0.0155
507,Store_23 - GROCERY_I,8.91,0.07319
508,Store_23 - GROCERY_II,42.55,0.14771
509,Store_23 - HARDWARE,70.81,0.00204
510,Store_23 - HOME_AND_KITCHEN_I,51.24,0.05187
511,Store_23 - HOME_AND_KITCHEN_II,149.59,0.01342
512,Store_23 - HOME_APPLIANCES,52.26,0.02267
513,Store_23 - HOME_CARE,24.0,0.09737
514,Store_23 - LADIESWEAR,31.99,0.31004
515,Store_23 - LAWN_AND_GARDEN,99.66,0.09262
516,Store_23 - LINGERIE,85.28,0.00407
517,Store_23 - LIQUOR_WINE_BEER,36.41,0.54265
518,Store_23 - MAGAZINES,51.96,0.3998
519,Store_23 - MEATS,25.1,0.44487
520,Store_23 - PERSONAL_CARE,21.42,0.36409
521,Store_23 - PET_SUPPLIES,53.17,0.06129
522,Store_23 - PLAYERS_AND_ELECTRONICS,98.81,0.01644
523,Store_23 - POULTRY,20.84,0.42349
524,Store_23 - PREPARED_FOODS,27.73,0.01894
525,Store_23 - PRODUCE,13.78,0.41474
526,Store_23 - SCHOOL_AND_OFFICE_SUPPLIES,,
527,Store_23 - SEAFOOD,56.11,0.00356
528,Store_24 - AUTOMOTIVE,64.84,0.10379
529,Store_24 - BABY_CARE,319.58,0.11172
530,Store_24 - BEAUTY,70.67,0.0876
531,Store_24 - BEVERAGES,12.41,0.59746
532,Store_24 - BOOKS,,
533,Store_24 - BREAD/BAKERY,7.29,0.51961
534,Store_24 - CELEBRATION,44.32,0.11678
535,Store_24 - CLEANING,8.47,0.53012
536,Store_24 - DAIRY,9.6,0.31951
537,Store_24 - DELI,6.53,0.62729
538,Store_24 - EGGS,7.11,0.57927
539,Store_24 - FROZEN_FOODS,20.39,0.25672
540,Store_24 - GROCERY_I,5.75,0.66217
541,Store_24 - GROCERY_II,47.76,0.09375
542,Store_24 - HARDWARE,154.97,0.08899
543,Store_24 - HOME_AND_KITCHEN_I,29.98,0.00188
544,Store_24 - HOME_AND_KITCHEN_II,46.23,0.08523
545,Store_24 - HOME_APPLIANCES,,
546,Store_24 - HOME_CARE,26.33,0.07554
547,Store_24 - LADIESWEAR,128.85,0.01382
548,Store_24 - LAWN_AND_GARDEN,34.79,0.13288
549,Store_24 - LINGERIE,117.68,0.13652
550,Store_24 - LIQUOR_WINE_BEER,48.55,0.65931
551,Store_24 - MAGAZINES,57.12,0.02419
552,Store_24 - MEATS,11.15,0.85776
553,Store_24 - PERSONAL_CARE,10.91,0.39818
554,Store_24 - PET_SUPPLIES,38.91,0.01154
555,Store_24 - PLAYERS_AND_ELECTRONICS,88.88,0.00445
556,Store_24 - POULTRY,11.58,0.65847
557,Store_24 - PREPARED_FOODS,13.41,0.34269
558,Store_24 - PRODUCE,10.09,0.85592
559,Store_24 - SCHOOL_AND_OFFICE_SUPPLIES,,
560,Store_24 - SEAFOOD,26.92,0.30607
561,Store_25 - AUTOMOTIVE,76.09,1e-05
562,Store_25 - BABY_CARE,58.01,0.05114
563,Store_25 - BEAUTY,52.36,0.05184
564,Store_25 - BEVERAGES,33.23,0.2965
565,Store_25 - BOOKS,,
566,Store_25 - BREAD/BAKERY,19.61,0.22533
567,Store_25 - CELEBRATION,61.9,0.55849
568,Store_25 - CLEANING,28.99,0.21291
569,Store_25 - DAIRY,22.89,0.25214
570,Store_25 - DELI,29.0,0.45405
571,Store_25 - EGGS,37.06,0.18027
572,Store_25 - FROZEN_FOODS,55.37,0.61363
573,Store_25 - GROCERY_I,23.62,0.18562
574,Store_25 - GROCERY_II,38.2,0.00179
575,Store_25 - HARDWARE,47.95,0.3576
576,Store_25 - HOME_AND_KITCHEN_I,57.9,0.00499
577,Store_25 - HOME_AND_KITCHEN_II,41.12,0.02009
578,Store_25 - HOME_APPLIANCES,,
579,Store_25 - HOME_CARE,19.65,0.29761
580,Store_25 - LADIESWEAR,,
581,Store_25 - LAWN_AND_GARDEN,58.27,0.54036
582,Store_25 - LINGERIE,91.16,0.00063
583,Store_25 - LIQUOR_WINE_BEER,60.75,0.61663
584,Store_25 - MAGAZINES,63.59,0.29461
585,Store_25 - MEATS,32.1,0.77922
586,Store_25 - PERSONAL_CARE,16.11,0.11797
587,Store_25 - PET_SUPPLIES,67.62,0.0696
588,Store_25 - PLAYERS_AND_ELECTRONICS,85.69,0.0799
589,Store_25 - POULTRY,30.22,0.62961
590,Store_25 - PREPARED_FOODS,35.97,0.1623
591,Store_25 - PRODUCE,22.87,0.51332
592,Store_25 - SCHOOL_AND_OFFICE_SUPPLIES,60.03,0.01775
593,Store_25 - SEAFOOD,70.3,0.33895
594,Store_26 - AUTOMOTIVE,114.23,0.32113
595,Store_26 - BABY_CARE,,
596,Store_26 - BEAUTY,106.23,0.45055
597,Store_26 - BEVERAGES,34.82,0.46207
598,Store_26 - BOOKS,,
599,Store_26 - BREAD/BAKERY,11.79,0.50834
600,Store_26 - CELEBRATION,157.37,0.2127
601,Store_26 - CLEANING,26.09,0.55038
602,Store_26 - DAIRY,19.66,0.60112
603,Store_26 - DELI,20.97,0.52196
604,Store_26 - EGGS,21.11,0.47864
605,Store_26 - FROZEN_FOODS,115.84,0.01134
606,Store_26 - GROCERY_I,20.59,0.4456
607,Store_26 - GROCERY_II,200.8,0.67354
608,Store_26 - HARDWARE,107.33,0.1669
609,Store_26 - HOME_AND_KITCHEN_I,54.34,0.15065
610,Store_26 - HOME_AND_KITCHEN_II,56.63,0.44696
611,Store_26 - HOME_APPLIANCES,88.98,0.29392
612,Store_26 - HOME_CARE,26.18,0.21727
613,Store_26 - LADIESWEAR,1078.38,0.00038
614,Store_26 - LAWN_AND_GARDEN,82.39,0.02319
615,Store_26 - LINGERIE,74.82,0.02937
616,Store_26 - LIQUOR_WINE_BEER,137.42,0.31179
617,Store_26 - MAGAZINES,424.64,0.00215
618,Store_26 - MEATS,12.61,0.72043
619,Store_26 - PERSONAL_CARE,31.71,0.3258
620,Store_26 - PET_SUPPLIES,103.69,0.04032
621,Store_26 - PLAYERS_AND_ELECTRONICS,41.19,0.19192
622,Store_26 - POULTRY,21.42,0.54711
623,Store_26 - PREPARED_FOODS,23.79,0.2339
624,Store_26 - PRODUCE,15.22,0.75739
625,Store_26 - SCHOOL_AND_OFFICE_SUPPLIES,64.8,0.06957
626,Store_26 - SEAFOOD,93.46,0.21232
627,Store_27 - AUTOMOTIVE,83.24,0.45833
628,Store_27 - BABY_CARE,69.95,0.03636
629,Store_27 - BEAUTY,85.09,0.05782
630,Store_27 - BEVERAGES,15.18,0.78165
631,Store_27 - BOOKS,283.7,0.09186
632,Store_27 - BREAD/BAKERY,18.51,0.6753
633,Store_27 - CELEBRATION,69.85,0.15777
634,Store_27 - CLEANING,21.52,0.32789
635,Store_27 - DAIRY,11.7,0.73426
636,Store_27 - DELI,10.67,0.67142
637,Store_27 - EGGS,9.28,0.76033
638,Store_27 - FROZEN_FOODS,14.38,0.80586
639,Store_27 - GROCERY_I,9.63,0.746
640,Store_27 - GROCERY_II,30.55,0.11783
641,Store_27 - HARDWARE,82.34,0.10001
642,Store_27 - HOME_AND_KITCHEN_I,36.31,0.14824
643,Store_27 - HOME_AND_KITCHEN_II,36.17,0.00191
644,Store_27 - HOME_APPLIANCES,89.75,0.23935
645,Store_27 - HOME_CARE,30.01,0.52845
646,Store_27 - LADIESWEAR,91.35,0.8524
647,Store_27 - LAWN_AND_GARDEN,23.14,0.3678
648,Store_27 - LINGERIE,38.79,0.13393
649,Store_27 - LIQUOR_WINE_BEER,35.16,0.76421
650,Store_27 - MAGAZINES,61.19,0.12516
651,Store_27 - MEATS,9.97,0.7236
652,Store_27 - PERSONAL_CARE,16.18,0.63933
653,Store_27 - PET_SUPPLIES,36.0,0.08057
654,Store_27 - PLAYERS_AND_ELECTRONICS,28.47,0.24755
655,Store_27 - POULTRY,10.49,0.67077
656,Store_27 - PREPARED_FOODS,12.63,0.73338
657,Store_27 - PRODUCE,10.11,0.81791
658,Store_27 - SCHOOL_AND_OFFICE_SUPPLIES,52.74,0.07315
659,Store_27 - SEAFOOD,32.01,0.32158
660,Store_28 - AUTOMOTIVE,113.86,0.03598
661,Store_28 - BABY_CARE,,
662,Store_28 - BEAUTY,65.88,0.54675
663,Store_28 - BEVERAGES,13.92,0.63577
664,Store_28 - BOOKS,,
665,Store_28 - BREAD/BAKERY,15.54,0.7823
666,Store_28 - CELEBRATION,75.35,0.54675
667,Store_28 - CLEANING,20.05,0.5536
668,Store_28 - DAIRY,19.48,0.75393
669,Store_28 - DELI,14.23,0.73626
670,Store_28 - EGGS,27.11,0.67218
671,Store_28 - FROZEN_FOODS,35.98,0.5195
672,Store_28 - GROCERY_I,17.62,0.59417
673,Store_28 - GROCERY_II,48.17,0.6734
674,Store_28 - HARDWARE,88.81,0.0158
675,Store_28 - HOME_AND_KITCHEN_I,45.18,0.35261
676,Store_28 - HOME_AND_KITCHEN_II,49.45,0.02941
677,Store_28 - HOME_APPLIANCES,64.88,0.20426
678,Store_28 - HOME_CARE,19.12,0.53293
679,Store_28 - LADIESWEAR,,
680,Store_28 - LAWN_AND_GARDEN,112.73,0.02716
681,Store_28 - LINGERIE,87.86,0.01343
682,Store_28 - LIQUOR_WINE_BEER,81.6,0.63314
683,Store_28 - MAGAZINES,55.77,0.05884
684,Store_28 - MEATS,20.45,0.47122
685,Store_28 - PERSONAL_CARE,39.77,0.20926
686,Store_28 - PET_SUPPLIES,54.83,0.13536
687,Store_28 - PLAYERS_AND_ELECTRONICS,107.75,0.15598
688,Store_28 - POULTRY,25.74,0.36553
689,Store_28 - PREPARED_FOODS,23.74,0.27253
690,Store_28 - PRODUCE,16.54,0.85049
691,Store_28 - SCHOOL_AND_OFFICE_SUPPLIES,169.74,0.13281
692,Store_28 - SEAFOOD,59.84,0.3065
693,Store_29 - AUTOMOTIVE,120.19,0.02335
694,Store_29 - BABY_CARE,71.87,0.02918
695,Store_29 - BEAUTY,33.44,0.41297
696,Store_29 - BEVERAGES,14.69,0.54534
697,Store_29 - BOOKS,,
698,Store_29 - BREAD/BAKERY,13.46,0.68751
699,Store_29 - CELEBRATION,25.23,0.61366
700,Store_29 - CLEANING,13.03,0.70202
701,Store_29 - DAIRY,13.44,0.79009
702,Store_29 - DELI,14.19,0.4864
703,Store_29 - EGGS,14.2,0.84651
704,Store_29 - FROZEN_FOODS,42.13,0.79083
705,Store_29 - GROCERY_I,8.64,0.78176
706,Store_29 - GROCERY_II,32.5,0.39524
707,Store_29 - HARDWARE,41.12,0.21592
708,Store_29 - HOME_AND_KITCHEN_I,38.76,0.12064
709,Store_29 - HOME_AND_KITCHEN_II,29.96,0.3442
710,Store_29 - HOME_APPLIANCES,,
711,Store_29 - HOME_CARE,9.74,0.78853
712,Store_29 - LADIESWEAR,,
713,Store_29 - LAWN_AND_GARDEN,55.04,0.1934
714,Store_29 - LINGERIE,64.41,0.06476
715,Store_29 - LIQUOR_WINE_BEER,89.14,0.61913
716,Store_29 - MAGAZINES,50.89,0.24008
717,Store_29 - MEATS,11.17,0.51727
718,Store_29 - PERSONAL_CARE,24.32,0.2587
719,Store_29 - PET_SUPPLIES,96.98,0.15914
720,Store_29 - PLAYERS_AND_ELECTRONICS,87.11,0.22612
721,Store_29 - POULTRY,15.77,0.45194
722,Store_29 - PREPARED_FOODS,13.12,0.56233
723,Store_29 - PRODUCE,9.23,0.96396
724,Store_29 - SCHOOL_AND_OFFICE_SUPPLIES,143.5,0.00048
725,Store_29 - SEAFOOD,37.9,0.27477
726,Store_3 - AUTOMOTIVE,40.41,0.12602
727,Store_3 - BABY_CARE,112.89,0.08628
728,Store_3 - BEAUTY,15.15,0.58673
729,Store_3 - BEVERAGES,16.74,0.59882
730,Store_3 - BOOKS,,
731,Store_3 - BREAD/BAKERY,16.23,0.55435
732,Store_3 - CELEBRATION,131.06,0.57643
733,Store_3 - CLEANING,19.96,0.30163
734,Store_3 - DAIRY,11.18,0.60313
735,Store_3 - DELI,12.8,0.56557
736,Store_3 - EGGS,8.15,0.82283
737,Store_3 - FROZEN_FOODS,19.62,0.26542
738,Store_3 - GROCERY_I,14.32,0.49538
739,Store_3 - GROCERY_II,25.65,0.04905
740,Store_3 - HARDWARE,91.22,0.015
741,Store_3 - HOME_AND_KITCHEN_I,26.15,0.32778
742,Store_3 - HOME_AND_KITCHEN_II,23.93,0.01077
743,Store_3 - HOME_APPLIANCES,2054.32,0.1527
744,Store_3 - HOME_CARE,26.13,0.30798
745,Store_3 - LADIESWEAR,18.09,0.73172
746,Store_3 - LAWN_AND_GARDEN,23.14,0.62297
747,Store_3 - LINGERIE,40.03,0.00282
748,Store_3 - LIQUOR_WINE_BEER,24.94,0.66105
749,Store_3 - MAGAZINES,28.37,0.23141
750,Store_3 - MEATS,9.87,0.92564
751,Store_3 - PERSONAL_CARE,13.29,0.77428
752,Store_3 - PET_SUPPLIES,30.12,0.07368
753,Store_3 - PLAYERS_AND_ELECTRONICS,15.08,0.61986
754,Store_3 - POULTRY,12.18,0.65444
755,Store_3 - PREPARED_FOODS,23.26,0.27619
756,Store_3 - PRODUCE,8.08,0.75863
757,Store_3 - SCHOOL_AND_OFFICE_SUPPLIES,111.44,0.01432
758,Store_3 - SEAFOOD,16.33,0.41425
759,Store_30 - AUTOMOTIVE,72.64,0.03137
760,Store_30 - BABY_CARE,41.69,0.04256
761,Store_30 - BEAUTY,93.61,0.17971
762,Store_30 - BEVERAGES,21.33,0.18171
763,Store_30 - BOOKS,,
764,Store_30 - BREAD/BAKERY,8.34,0.72265
765,Store_30 - CELEBRATION,93.36,0.00018
766,Store_30 - CLEANING,91.43,0.00125
767,Store_30 - DAIRY,14.15,0.60735
768,Store_30 - DELI,14.23,0.19081
769,Store_30 - EGGS,32.71,0.43249
770,Store_30 - FROZEN_FOODS,40.34,0.33959
771,Store_30 - GROCERY_I,16.27,0.06964
772,Store_30 - GROCERY_II,77.08,0.3689
773,Store_30 - HARDWARE,238.69,0.02962
774,Store_30 - HOME_AND_KITCHEN_I,60.15,0.00011
775,Store_30 - HOME_AND_KITCHEN_II,53.36,0.38749
776,Store_30 - HOME_APPLIANCES,194.52,0.32042
777,Store_30 - HOME_CARE,32.84,0.08733
778,Store_30 - LADIESWEAR,116.98,0.30944
779,Store_30 - LAWN_AND_GARDEN,,
780,Store_30 - LINGERIE,71.2,0.06695
781,Store_30 - LIQUOR_WINE_BEER,71.63,0.47448
782,Store_30 - MAGAZINES,67.36,0.08033
783,Store_30 - MEATS,14.09,0.89065
784,Store_30 - PERSONAL_CARE,45.13,0.09742
785,Store_30 - PET_SUPPLIES,44.75,0.12524
786,Store_30 - PLAYERS_AND_ELECTRONICS,47.94,0.13761
787,Store_30 - POULTRY,18.58,0.12361
788,Store_30 - PREPARED_FOODS,28.88,0.19498
789,Store_30 - PRODUCE,12.41,0.95079
790,Store_30 - SCHOOL_AND_OFFICE_SUPPLIES,257.45,0.00095
791,Store_30 - SEAFOOD,64.9,3e-05
792,Store_31 - AUTOMOTIVE,36.83,0.07828
793,Store_31 - BABY_CARE,103.52,0.26919
794,Store_31 - BEAUTY,132.04,0.09054
795,Store_31 - BEVERAGES,11.45,0.36848
796,Store_31 - BOOKS,,
797,Store_31 - BREAD/BAKERY,10.52,0.60166
798,Store_31 - CELEBRATION,48.76,0.11219
799,Store_31 - CLEANING,38.28,0.45366
800,Store_31 - DAIRY,9.91,0.77541
801,Store_31 - DELI,13.6,0.56359
802,Store_31 - EGGS,14.07,0.71652
803,Store_31 - FROZEN_FOODS,38.93,0.57528
804,Store_31 - GROCERY_I,9.13,0.56278
805,Store_31 - GROCERY_II,56.24,0.00032
806,Store_31 - HARDWARE,143.8,0.00332
807,Store_31 - HOME_AND_KITCHEN_I,34.53,0.53843
808,Store_31 - HOME_AND_KITCHEN_II,29.25,0.21659
809,Store_31 - HOME_APPLIANCES,,
810,Store_31 - HOME_CARE,16.11,0.50451
811,Store_31 - LADIESWEAR,227.24,0.00467
812,Store_31 - LAWN_AND_GARDEN,52.32,0.02081
813,Store_31 - LINGERIE,81.63,0.00019
814,Store_31 - LIQUOR_WINE_BEER,65.22,0.22748
815,Store_31 - MAGAZINES,49.75,0.16715
816,Store_31 - MEATS,8.67,0.91414
817,Store_31 - PERSONAL_CARE,21.88,0.69518
818,Store_31 - PET_SUPPLIES,46.59,0.11619
819,Store_31 - PLAYERS_AND_ELECTRONICS,72.96,0.3806
820,Store_31 - POULTRY,15.01,0.23456
821,Store_31 - PREPARED_FOODS,21.15,0.59713
822,Store_31 - PRODUCE,7.85,0.9525
823,Store_31 - SCHOOL_AND_OFFICE_SUPPLIES,101.52,0.46734
824,Store_31 - SEAFOOD,57.97,0.28214
825,Store_32 - AUTOMOTIVE,58.64,0.00288
826,Store_32 - BABY_CARE,,
827,Store_32 - BEAUTY,54.49,0.01552
828,Store_32 - BEVERAGES,20.06,0.01143
829,Store_32 - BOOKS,,
830,Store_32 - BREAD/BAKERY,17.68,0.32544
831,Store_32 - CELEBRATION,96.9,0.01961
832,Store_32 - CLEANING,45.92,0.26473
833,Store_32 - DAIRY,14.28,0.69704
834,Store_32 - DELI,16.26,0.55414
835,Store_32 - EGGS,25.96,0.92587
836,Store_32 - FROZEN_FOODS,26.38,0.04639
837,Store_32 - GROCERY_I,12.55,0.26961
838,Store_32 - GROCERY_II,69.91,0.05741
839,Store_32 - HARDWARE,95.18,0.00647
840,Store_32 - HOME_AND_KITCHEN_I,57.32,0.10618
841,Store_32 - HOME_AND_KITCHEN_II,95.01,0.04282
842,Store_32 - HOME_APPLIANCES,47.9,0.04483
843,Store_32 - HOME_CARE,24.05,0.5318
844,Store_32 - LADIESWEAR,,
845,Store_32 - LAWN_AND_GARDEN,,
846,Store_32 - LINGERIE,123.29,0.15588
847,Store_32 - LIQUOR_WINE_BEER,167.97,0.76145
848,Store_32 - MAGAZINES,65.9,0.02604
849,Store_32 - MEATS,25.23,0.21817
850,Store_32 - PERSONAL_CARE,16.84,0.61536
851,Store_32 - PET_SUPPLIES,60.03,0.09342
852,Store_32 - PLAYERS_AND_ELECTRONICS,57.32,0.0326
853,Store_32 - POULTRY,33.23,0.06722
854,Store_32 - PREPARED_FOODS,40.7,0.15987
855,Store_32 - PRODUCE,10.97,0.92781
856,Store_32 - SCHOOL_AND_OFFICE_SUPPLIES,,
857,Store_32 - SEAFOOD,38.7,0.34731
858,Store_33 - AUTOMOTIVE,80.13,0.03453
859,Store_33 - BABY_CARE,,
860,Store_33 - BEAUTY,53.44,0.02376
861,Store_33 - BEVERAGES,17.48,0.19072
862,Store_33 - BOOKS,,
863,Store_33 - BREAD/BAKERY,14.11,0.78927
864,Store_33 - CELEBRATION,106.75,0.04347
865,Store_33 - CLEANING,16.23,0.27539
866,Store_33 - DAIRY,13.44,0.60831
867,Store_33 - DELI,12.82,0.23707
868,Store_33 - EGGS,47.85,0.62636
869,Store_33 - FROZEN_FOODS,35.08,0.70467
870,Store_33 - GROCERY_I,8.14,0.45785
871,Store_33 - GROCERY_II,39.78,0.09883
872,Store_33 - HARDWARE,75.98,0.01552
873,Store_33 - HOME_AND_KITCHEN_I,35.11,0.26121
874,Store_33 - HOME_AND_KITCHEN_II,41.16,0.42664
875,Store_33 - HOME_APPLIANCES,76.0,0.11359
876,Store_33 - HOME_CARE,18.07,0.43387
877,Store_33 - LADIESWEAR,,
878,Store_33 - LAWN_AND_GARDEN,,
879,Store_33 - LINGERIE,38.81,0.02432
880,Store_33 - LIQUOR_WINE_BEER,93.64,0.35766
881,Store_33 - MAGAZINES,57.37,0.00015
882,Store_33 - MEATS,32.94,0.20758
883,Store_33 - PERSONAL_CARE,20.5,0.38513
884,Store_33 - PET_SUPPLIES,66.41,0.01968
885,Store_33 - PLAYERS_AND_ELECTRONICS,93.75,0.0007
886,Store_33 - POULTRY,25.55,0.28839
887,Store_33 - PREPARED_FOODS,84.47,0.00445
888,Store_33 - PRODUCE,11.89,0.85477
889,Store_33 - SCHOOL_AND_OFFICE_SUPPLIES,,
890,Store_33 - SEAFOOD,68.99,0.46525
891,Store_34 - AUTOMOTIVE,102.36,0.05068
892,Store_34 - BABY_CARE,72.43,0.01668
893,Store_34 - BEAUTY,81.89,0.23962
894,Store_34 - BEVERAGES,7.18,0.49705
895,Store_34 - BOOKS,,
896,Store_34 - BREAD/BAKERY,10.84,0.21821
897,Store_34 - CELEBRATION,36.44,0.04594
898,Store_34 - CLEANING,14.72,0.21532
899,Store_34 - DAIRY,12.92,0.32763
900,Store_34 - DELI,12.24,0.12621
901,Store_34 - EGGS,45.56,0.27461
902,Store_34 - FROZEN_FOODS,37.83,0.00487
903,Store_34 - GROCERY_I,9.32,0.2195
904,Store_34 - GROCERY_II,48.42,0.13548
905,Store_34 - HARDWARE,133.71,0.00407
906,Store_34 - HOME_AND_KITCHEN_I,68.7,0.11836
907,Store_34 - HOME_AND_KITCHEN_II,35.38,0.18391
908,Store_34 - HOME_APPLIANCES,371.24,0.02153
909,Store_34 - HOME_CARE,17.51,0.00577
910,Store_34 - LADIESWEAR,149.55,0.05051
911,Store_34 - LAWN_AND_GARDEN,63.18,0.45498
912,Store_34 - LINGERIE,84.3,0.07108
913,Store_34 - LIQUOR_WINE_BEER,44.83,0.67007
914,Store_34 - MAGAZINES,67.11,0.00051
915,Store_34 - MEATS,13.52,0.29802
916,Store_34 - PERSONAL_CARE,10.6,0.5065
917,Store_34 - PET_SUPPLIES,84.6,0.08185
918,Store_34 - PLAYERS_AND_ELECTRONICS,63.67,0.00011
919,Store_34 - POULTRY,16.55,0.32652
920,Store_34 - PREPARED_FOODS,48.58,0.13748
921,Store_34 - PRODUCE,12.06,0.87951
922,Store_34 - SCHOOL_AND_OFFICE_SUPPLIES,57.74,0.16918
923,Store_34 - SEAFOOD,72.68,0.42675
924,Store_35 - AUTOMOTIVE,63.44,0.15797
925,Store_35 - BABY_CARE,,
926,Store_35 - BEAUTY,42.95,0.53009
927,Store_35 - BEVERAGES,16.04,0.29837
928,Store_35 - BOOKS,,
929,Store_35 - BREAD/BAKERY,23.09,0.07063
930,Store_35 - CELEBRATION,140.41,0.15204
931,Store_35 - CLEANING,17.83,0.20652
932,Store_35 - DAIRY,16.71,0.33268
933,Store_35 - DELI,20.36,0.25326
934,Store_35 - EGGS,56.4,0.27137
935,Store_35 - FROZEN_FOODS,48.38,0.43002
936,Store_35 - GROCERY_I,14.97,0.26596
937,Store_35 - GROCERY_II,71.76,0.17408
938,Store_35 - HARDWARE,50.01,0.06237
939,Store_35 - HOME_AND_KITCHEN_I,53.25,0.02982
940,Store_35 - HOME_AND_KITCHEN_II,212.6,0.39382
941,Store_35 - HOME_APPLIANCES,160.03,0.0903
942,Store_35 - HOME_CARE,26.59,0.04446
943,Store_35 - LADIESWEAR,,
944,Store_35 - LAWN_AND_GARDEN,,
945,Store_35 - LINGERIE,104.93,0.07469
946,Store_35 - LIQUOR_WINE_BEER,104.82,0.48022
947,Store_35 - MAGAZINES,47.62,0.14598
948,Store_35 - MEATS,22.19,0.68487
949,Store_35 - PERSONAL_CARE,19.83,0.38888
950,Store_35 - PET_SUPPLIES,60.68,0.00059
951,Store_35 - PLAYERS_AND_ELECTRONICS,51.59,0.05956
952,Store_35 - POULTRY,19.32,0.58386
953,Store_35 - PREPARED_FOODS,25.82,0.2801
954,Store_35 - PRODUCE,14.18,0.78981
955,Store_35 - SCHOOL_AND_OFFICE_SUPPLIES,752.35,0.0002
956,Store_35 - SEAFOOD,49.0,0.00101
957,Store_36 - AUTOMOTIVE,86.11,0.00598
958,Store_36 - BABY_CARE,,
959,Store_36 - BEAUTY,81.54,0.32642
960,Store_36 - BEVERAGES,15.29,0.02185
961,Store_36 - BOOKS,,
962,Store_36 - BREAD/BAKERY,13.53,0.15958
963,Store_36 - CELEBRATION,53.1,0.13123
964,Store_36 - CLEANING,24.82,0.17702
965,Store_36 - DAIRY,12.51,0.42308
966,Store_36 - DELI,16.89,0.3261
967,Store_36 - EGGS,20.88,0.40172
968,Store_36 - FROZEN_FOODS,45.52,0.67022
969,Store_36 - GROCERY_I,18.19,0.27024
970,Store_36 - GROCERY_II,75.14,0.19399
971,Store_36 - HARDWARE,113.48,0.05299
972,Store_36 - HOME_AND_KITCHEN_I,56.01,0.00692
973,Store_36 - HOME_AND_KITCHEN_II,76.59,0.21106
974,Store_36 - HOME_APPLIANCES,99.59,0.02983
975,Store_36 - HOME_CARE,28.23,0.23477
976,Store_36 - LADIESWEAR,,
977,Store_36 - LAWN_AND_GARDEN,68.0,0.31443
978,Store_36 - LINGERIE,52.26,0.10492
979,Store_36 - LIQUOR_WINE_BEER,46.23,0.70428
980,Store_36 - MAGAZINES,44.05,0.1976
981,Store_36 - MEATS,14.36,0.80582
982,Store_36 - PERSONAL_CARE,25.27,0.17812
983,Store_36 - PET_SUPPLIES,49.24,0.07924
984,Store_36 - PLAYERS_AND_ELECTRONICS,131.1,8e-05
985,Store_36 - POULTRY,15.3,0.33588
986,Store_36 - PREPARED_FOODS,24.05,9e-05
987,Store_36 - PRODUCE,12.72,0.40188
988,Store_36 - SCHOOL_AND_OFFICE_SUPPLIES,138.8,0.06839
989,Store_36 - SEAFOOD,54.86,0.35727
990,Store_37 - AUTOMOTIVE,88.16,0.00239
991,Store_37 - BABY_CARE,,
992,Store_37 - BEAUTY,27.71,0.40336
993,Store_37 - BEVERAGES,17.33,0.12847
994,Store_37 - BOOKS,,
995,Store_37 - BREAD/BAKERY,26.18,0.02428
996,Store_37 - CELEBRATION,121.8,0.02686
997,Store_37 - CLEANING,22.64,0.59042
998,Store_37 - DAIRY,15.73,0.2382
999,Store_37 - DELI,21.9,0.0333
1000,Store_37 - EGGS,18.11,0.25088
1001,Store_37 - FROZEN_FOODS,29.12,0.00165
1002,Store_37 - GROCERY_I,14.52,0.43954
1003,Store_37 - GROCERY_II,28.89,0.58107
1004,Store_37 - HARDWARE,66.96,0.11851
1005,Store_37 - HOME_AND_KITCHEN_I,50.38,0.02595
1006,Store_37 - HOME_AND_KITCHEN_II,25.78,0.00091
1007,Store_37 - HOME_APPLIANCES,102.56,0.25686
1008,Store_37 - HOME_CARE,40.87,0.09221
1009,Store_37 - LADIESWEAR,36.68,0.05984
1010,Store_37 - LAWN_AND_GARDEN,42.11,0.33977
1011,Store_37 - LINGERIE,60.6,0.01501
1012,Store_37 - LIQUOR_WINE_BEER,27.8,0.4606
1013,Store_37 - MAGAZINES,48.19,0.35615
1014,Store_37 - MEATS,18.34,0.46673
1015,Store_37 - PERSONAL_CARE,18.65,0.171
1016,Store_37 - PET_SUPPLIES,37.5,0.01471
1017,Store_37 - PLAYERS_AND_ELECTRONICS,36.97,0.00947
1018,Store_37 - POULTRY,15.97,0.27593
1019,Store_37 - PREPARED_FOODS,24.31,0.02506
1020,Store_37 - PRODUCE,15.76,0.71559
1021,Store_37 - SCHOOL_AND_OFFICE_SUPPLIES,,
1022,Store_37 - SEAFOOD,57.61,0.01955
1023,Store_38 - AUTOMOTIVE,53.88,0.16791
1024,Store_38 - BABY_CARE,,
1025,Store_38 - BEAUTY,61.78,0.13382
1026,Store_38 - BEVERAGES,29.18,0.0013
1027,Store_38 - BOOKS,,
1028,Store_38 - BREAD/BAKERY,17.22,0.23804
1029,Store_38 - CELEBRATION,82.17,0.02222
1030,Store_38 - CLEANING,72.4,0.38729
1031,Store_38 - DAIRY,15.1,0.2729
1032,Store_38 - DELI,20.39,0.06314
1033,Store_38 - EGGS,18.28,0.41404
1034,Store_38 - FROZEN_FOODS,42.7,0.00071
1035,Store_38 - GROCERY_I,16.86,0.24278
1036,Store_38 - GROCERY_II,33.59,0.01548
1037,Store_38 - HARDWARE,73.94,0.0303
1038,Store_38 - HOME_AND_KITCHEN_I,24.69,0.00532
1039,Store_38 - HOME_AND_KITCHEN_II,98.17,0.00011
1040,Store_38 - HOME_APPLIANCES,,
1041,Store_38 - HOME_CARE,20.02,0.22713
1042,Store_38 - LADIESWEAR,33.41,0.39507
1043,Store_38 - LAWN_AND_GARDEN,41.11,0.49084
1044,Store_38 - LINGERIE,45.04,1e-05
1045,Store_38 - LIQUOR_WINE_BEER,39.42,0.35453
1046,Store_38 - MAGAZINES,19.55,0.19072
1047,Store_38 - MEATS,18.83,0.16751
1048,Store_38 - PERSONAL_CARE,36.49,0.21758
1049,Store_38 - PET_SUPPLIES,32.73,0.0
1050,Store_38 - PLAYERS_AND_ELECTRONICS,77.36,0.1519
1051,Store_38 - POULTRY,21.85,0.27777
1052,Store_38 - PREPARED_FOODS,21.7,0.15655
1053,Store_38 - PRODUCE,14.68,0.63295
1054,Store_38 - SCHOOL_AND_OFFICE_SUPPLIES,28.81,0.01066
1055,Store_38 - SEAFOOD,31.31,0.13402
1056,Store_39 - AUTOMOTIVE,66.66,0.0147
1057,Store_39 - BABY_CARE,269.21,0.01694
1058,Store_39 - BEAUTY,99.92,0.62738
1059,Store_39 - BEVERAGES,16.24,0.33976
1060,Store_39 - BOOKS,,
1061,Store_39 - BREAD/BAKERY,14.65,0.41183
1062,Store_39 - CELEBRATION,104.19,0.18887
1063,Store_39 - CLEANING,74.3,0.19147
1064,Store_39 - DAIRY,18.18,0.11135
1065,Store_39 - DELI,25.02,0.21943
1066,Store_39 - EGGS,52.61,0.95296
1067,Store_39 - FROZEN_FOODS,30.6,0.2491
1068,Store_39 - GROCERY_I,12.53,0.2673
1069,Store_39 - GROCERY_II,21.36,0.13109
1070,Store_39 - HARDWARE,64.89,0.39537
1071,Store_39 - HOME_AND_KITCHEN_I,40.42,0.07078
1072,Store_39 - HOME_AND_KITCHEN_II,37.88,0.00704
1073,Store_39 - HOME_APPLIANCES,508.44,0.31542
1074,Store_39 - HOME_CARE,21.07,0.27416
1075,Store_39 - LADIESWEAR,48.07,0.51768
1076,Store_39 - LAWN_AND_GARDEN,36.92,0.01331
1077,Store_39 - LINGERIE,67.5,0.0913
1078,Store_39 - LIQUOR_WINE_BEER,36.42,0.7182
1079,Store_39 - MAGAZINES,97.4,0.15532
1080,Store_39 - MEATS,279.68,0.02112
1081,Store_39 - PERSONAL_CARE,21.09,0.3137
1082,Store_39 - PET_SUPPLIES,33.65,0.06433
1083,Store_39 - PLAYERS_AND_ELECTRONICS,76.87,0.00126
1084,Store_39 - POULTRY,13.97,0.41973
1085,Store_39 - PREPARED_FOODS,34.86,0.0094
1086,Store_39 - PRODUCE,17.55,0.6878
1087,Store_39 - SCHOOL_AND_OFFICE_SUPPLIES,90.32,0.0137
1088,Store_39 - SEAFOOD,31.32,0.11107
1089,Store_4 - AUTOMOTIVE,29.34,0.20322
1090,Store_4 - BABY_CARE,39.97,0.03004
1091,Store_4 - BEAUTY,68.06,0.6263
1092,Store_4 - BEVERAGES,18.47,0.50872
1093,Store_4 - BOOKS,,
1094,Store_4 - BREAD/BAKERY,22.69,0.34482
1095,Store_4 - CELEBRATION,68.3,0.59492
1096,Store_4 - CLEANING,22.56,0.26528
1097,Store_4 - DAIRY,11.95,0.75604
1098,Store_4 - DELI,21.81,0.34396
1099,Store_4 - EGGS,11.29,0.82503
1100,Store_4 - FROZEN_FOODS,29.06,0.35432
1101,Store_4 - GROCERY_I,14.58,0.47677
1102,Store_4 - GROCERY_II,23.33,0.07045
1103,Store_4 - HARDWARE,84.17,0.12917
1104,Store_4 - HOME_AND_KITCHEN_I,45.72,0.012
1105,Store_4 - HOME_AND_KITCHEN_II,62.0,0.08772
1106,Store_4 - HOME_APPLIANCES,537.66,0.1154
1107,Store_4 - HOME_CARE,37.03,0.13607
1108,Store_4 - LADIESWEAR,40.66,0.28508
1109,Store_4 - LAWN_AND_GARDEN,26.98,0.39034
1110,Store_4 - LINGERIE,45.82,0.25218
1111,Store_4 - LIQUOR_WINE_BEER,25.25,0.75744
1112,Store_4 - MAGAZINES,39.88,0.06467
1113,Store_4 - MEATS,17.02,0.42428
1114,Store_4 - PERSONAL_CARE,18.42,0.62903
1115,Store_4 - PET_SUPPLIES,65.19,0.28518
1116,Store_4 - PLAYERS_AND_ELECTRONICS,41.59,0.48685
1117,Store_4 - POULTRY,10.74,0.7444
1118,Store_4 - PREPARED_FOODS,26.76,0.25382
1119,Store_4 - PRODUCE,8.56,0.77797
1120,Store_4 - SCHOOL_AND_OFFICE_SUPPLIES,523.5,0.13699
1121,Store_4 - SEAFOOD,20.42,0.60735
1122,Store_40 - AUTOMOTIVE,113.98,0.05861
1123,Store_40 - BABY_CARE,429.88,0.10793
1124,Store_40 - BEAUTY,53.87,0.18526
1125,Store_40 - BEVERAGES,19.0,0.00485
1126,Store_40 - BOOKS,,
1127,Store_40 - BREAD/BAKERY,10.48,0.76975
1128,Store_40 - CELEBRATION,131.5,0.71796
1129,Store_40 - CLEANING,70.77,0.1665
1130,Store_40 - DAIRY,9.28,0.7387
1131,Store_40 - DELI,13.28,0.45112
1132,Store_40 - EGGS,15.88,0.53698
1133,Store_40 - FROZEN_FOODS,40.52,0.29608
1134,Store_40 - GROCERY_I,12.51,0.21751
1135,Store_40 - GROCERY_II,74.18,0.31608
1136,Store_40 - HARDWARE,55.07,0.00182
1137,Store_40 - HOME_AND_KITCHEN_I,31.03,0.12444
1138,Store_40 - HOME_AND_KITCHEN_II,22.48,0.03887
1139,Store_40 - HOME_APPLIANCES,97.19,0.19198
1140,Store_40 - HOME_CARE,35.42,0.0129
1141,Store_40 - LADIESWEAR,,
1142,Store_40 - LAWN_AND_GARDEN,203.68,0.00343
1143,Store_40 - LINGERIE,21.04,0.15792
1144,Store_40 - LIQUOR_WINE_BEER,109.87,0.23628
1145,Store_40 - MAGAZINES,48.52,0.22855
1146,Store_40 - MEATS,5.14,0.68992
1147,Store_40 - PERSONAL_CARE,17.44,0.32679
1148,Store_40 - PET_SUPPLIES,36.46,0.02008
1149,Store_40 - PLAYERS_AND_ELECTRONICS,38.41,0.07983
1150,Store_40 - POULTRY,17.32,0.26738
1151,Store_40 - PREPARED_FOODS,14.2,0.25464
1152,Store_40 - PRODUCE,10.0,0.94494
1153,Store_40 - SCHOOL_AND_OFFICE_SUPPLIES,,
1154,Store_40 - SEAFOOD,85.22,0.09505
1155,Store_41 - AUTOMOTIVE,28.3,0.1473
1156,Store_41 - BABY_CARE,,
1157,Store_41 - BEAUTY,41.39,0.01148
1158,Store_41 - BEVERAGES,48.25,0.17505
1159,Store_41 - BOOKS,,
1160,Store_41 - BREAD/BAKERY,10.85,0.78476
1161,Store_41 - CELEBRATION,93.46,0.48141
1162,Store_41 - CLEANING,41.71,0.552
1163,Store_41 - DAIRY,10.94,0.71508
1164,Store_41 - DELI,20.11,0.53587
1165,Store_41 - EGGS,15.1,0.573
1166,Store_41 - FROZEN_FOODS,25.19,0.48911
1167,Store_41 - GROCERY_I,12.23,0.59264
1168,Store_41 - GROCERY_II,55.93,0.45175
1169,Store_41 - HARDWARE,48.47,0.00139
1170,Store_41 - HOME_AND_KITCHEN_I,35.91,0.00224
1171,Store_41 - HOME_AND_KITCHEN_II,25.9,0.01012
1172,Store_41 - HOME_APPLIANCES,,
1173,Store_41 - HOME_CARE,25.14,0.46386
1174,Store_41 - LADIESWEAR,62.13,0.57714
1175,Store_41 - LAWN_AND_GARDEN,129.88,0.08027
1176,Store_41 - LINGERIE,91.8,0.06414
1177,Store_41 - LIQUOR_WINE_BEER,67.41,0.12748
1178,Store_41 - MAGAZINES,40.57,0.30394
1179,Store_41 - MEATS,12.52,0.80513
1180,Store_41 - PERSONAL_CARE,50.09,0.05437
1181,Store_41 - PET_SUPPLIES,26.03,0.04569
1182,Store_41 - PLAYERS_AND_ELECTRONICS,42.05,0.31292
1183,Store_41 - POULTRY,7.97,0.63319
1184,Store_41 - PREPARED_FOODS,12.39,0.41971
1185,Store_41 - PRODUCE,10.18,0.70915
1186,Store_41 - SCHOOL_AND_OFFICE_SUPPLIES,184.72,0.07062
1187,Store_41 - SEAFOOD,102.58,0.16292
1188,Store_42 - AUTOMOTIVE,77.42,0.37432
1189,Store_42 - BABY_CARE,,
1190,Store_42 - BEAUTY,43.47,0.56087
1191,Store_42 - BEVERAGES,35.94,0.02246
1192,Store_42 - BOOKS,,
1193,Store_42 - BREAD/BAKERY,27.68,0.0005
1194,Store_42 - CELEBRATION,95.8,0.00199
1195,Store_42 - CLEANING,19.52,0.01923
1196,Store_42 - DAIRY,16.03,0.01184
1197,Store_42 - DELI,23.8,0.0439
1198,Store_42 - EGGS,16.95,0.33278
1199,Store_42 - FROZEN_FOODS,23.08,0.07967
1200,Store_42 - GROCERY_I,18.25,0.01728
1201,Store_42 - GROCERY_II,36.39,0.00819
1202,Store_42 - HARDWARE,55.13,0.01468
1203,Store_42 - HOME_AND_KITCHEN_I,65.47,0.01194
1204,Store_42 - HOME_AND_KITCHEN_II,93.29,9e-05
1205,Store_42 - HOME_APPLIANCES,,
1206,Store_42 - HOME_CARE,29.35,0.03679
1207,Store_42 - LADIESWEAR,109.3,0.54047
1208,Store_42 - LAWN_AND_GARDEN,29.05,0.19412
1209,Store_42 - LINGERIE,260.69,0.02251
1210,Store_42 - LIQUOR_WINE_BEER,42.03,0.53401
1211,Store_42 - MAGAZINES,52.19,0.05597
1212,Store_42 - MEATS,13.83,0.27083
1213,Store_42 - PERSONAL_CARE,26.27,0.20973
1214,Store_42 - PET_SUPPLIES,54.79,0.21383
1215,Store_42 - PLAYERS_AND_ELECTRONICS,44.8,0.06848
1216,Store_42 - POULTRY,17.02,0.11835
1217,Store_42 - PREPARED_FOODS,46.12,0.1635
1218,Store_42 - PRODUCE,12.66,0.38354
1219,Store_42 - SCHOOL_AND_OFFICE_SUPPLIES,118.19,0.00121
1220,Store_42 - SEAFOOD,41.39,0.05822
1221,Store_43 - AUTOMOTIVE,45.71,0.00231
1222,Store_43 - BABY_CARE,248.15,0.01548
1223,Store_43 - BEAUTY,45.92,0.42975
1224,Store_43 - BEVERAGES,10.34,0.16588
1225,Store_43 - BOOKS,,
1226,Store_43 - BREAD/BAKERY,8.98,0.64561
1227,Store_43 - CELEBRATION,30.52,0.22485
1228,Store_43 - CLEANING,10.48,0.4244
1229,Store_43 - DAIRY,13.57,0.58169
1230,Store_43 - DELI,13.37,0.2126
1231,Store_43 - EGGS,26.02,0.70628
1232,Store_43 - FROZEN_FOODS,31.37,0.46569
1233,Store_43 - GROCERY_I,9.98,0.55031
1234,Store_43 - GROCERY_II,54.11,8e-05
1235,Store_43 - HARDWARE,99.81,0.00474
1236,Store_43 - HOME_AND_KITCHEN_I,32.41,0.03162
1237,Store_43 - HOME_AND_KITCHEN_II,40.27,0.00023
1238,Store_43 - HOME_APPLIANCES,52.38,0.16146
1239,Store_43 - HOME_CARE,10.81,0.48176
1240,Store_43 - LADIESWEAR,,
1241,Store_43 - LAWN_AND_GARDEN,31.51,0.34711
1242,Store_43 - LINGERIE,68.86,0.07504
1243,Store_43 - LIQUOR_WINE_BEER,63.97,0.24481
1244,Store_43 - MAGAZINES,92.97,0.09515
1245,Store_43 - MEATS,9.89,0.4994
1246,Store_43 - PERSONAL_CARE,15.91,0.24565
1247,Store_43 - PET_SUPPLIES,44.42,0.00289
1248,Store_43 - PLAYERS_AND_ELECTRONICS,117.99,0.04424
1249,Store_43 - POULTRY,24.97,0.07713
1250,Store_43 - PREPARED_FOODS,25.27,0.13455
1251,Store_43 - PRODUCE,15.01,0.56238
1252,Store_43 - SCHOOL_AND_OFFICE_SUPPLIES,64.55,0.33012
1253,Store_43 - SEAFOOD,77.37,0.30307
1254,Store_44 - AUTOMOTIVE,37.65,0.00843
1255,Store_44 - BABY_CARE,,
1256,Store_44 - BEAUTY,39.64,0.47594
1257,Store_44 - BEVERAGES,22.16,0.62202
1258,Store_44 - BOOKS,,
1259,Store_44 - BREAD/BAKERY,12.16,0.67967
1260,Store_44 - CELEBRATION,80.16,0.00272
1261,Store_44 - CLEANING,26.49,0.41828
1262,Store_44 - DAIRY,14.46,0.71748
1263,Store_44 - DELI,16.95,0.65779
1264,Store_44 - EGGS,10.7,0.85046
1265,Store_44 - FROZEN_FOODS,26.59,0.06974
1266,Store_44 - GROCERY_I,20.7,0.49077
1267,Store_44 - GROCERY_II,27.29,0.08245
1268,Store_44 - HARDWARE,43.02,0.04511
1269,Store_44 - HOME_AND_KITCHEN_I,28.04,0.16801
1270,Store_44 - HOME_AND_KITCHEN_II,25.62,0.04788
1271,Store_44 - HOME_APPLIANCES,409.04,0.04983
1272,Store_44 - HOME_CARE,36.13,0.61475
1273,Store_44 - LADIESWEAR,41.81,0.25531
1274,Store_44 - LAWN_AND_GARDEN,25.67,0.19008
1275,Store_44 - LINGERIE,47.74,0.55609
1276,Store_44 - LIQUOR_WINE_BEER,21.8,0.73338
1277,Store_44 - MAGAZINES,26.24,0.43958
1278,Store_44 - MEATS,11.74,0.87421
1279,Store_44 - PERSONAL_CARE,20.32,0.5233
1280,Store_44 - PET_SUPPLIES,26.63,0.48496
1281,Store_44 - PLAYERS_AND_ELECTRONICS,24.57,0.09458
1282,Store_44 - POULTRY,13.48,0.80312
1283,Store_44 - PREPARED_FOODS,10.31,0.02802
1284,Store_44 - PRODUCE,8.12,0.82584
1285,Store_44 - SCHOOL_AND_OFFICE_SUPPLIES,53.28,0.31327
1286,Store_44 - SEAFOOD,15.28,0.67673
1287,Store_45 - AUTOMOTIVE,20.48,0.38499
1288,Store_45 - BABY_CARE,,
1289,Store_45 - BEAUTY,32.59,0.587
1290,Store_45 - BEVERAGES,11.71,0.75335
1291,Store_45 - BOOKS,,
1292,Store_45 - BREAD/BAKERY,12.13,0.78158
1293,Store_45 - CELEBRATION,36.98,0.39926
1294,Store_45 - CLEANING,15.28,0.62146
1295,Store_45 - DAIRY,9.92,0.80569
1296,Store_45 - DELI,8.33,0.864
1297,Store_45 - EGGS,7.56,0.93279
1298,Store_45 - FROZEN_FOODS,35.38,0.18714
1299,Store_45 - GROCERY_I,9.09,0.76107
1300,Store_45 - GROCERY_II,58.93,0.14768
1301,Store_45 - HARDWARE,50.34,0.19326
1302,Store_45 - HOME_AND_KITCHEN_I,27.33,0.57997
1303,Store_45 - HOME_AND_KITCHEN_II,25.99,0.02625
1304,Store_45 - HOME_APPLIANCES,64.76,0.00185
1305,Store_45 - HOME_CARE,18.23,0.63899
1306,Store_45 - LADIESWEAR,151.04,0.55683
1307,Store_45 - LAWN_AND_GARDEN,35.3,0.50389
1308,Store_45 - LINGERIE,74.6,0.41623
1309,Store_45 - LIQUOR_WINE_BEER,16.84,0.82668
1310,Store_45 - MAGAZINES,21.06,0.72623
1311,Store_45 - MEATS,10.89,0.86674
1312,Store_45 - PERSONAL_CARE,13.36,0.75972
1313,Store_45 - PET_SUPPLIES,30.34,0.14202
1314,Store_45 - PLAYERS_AND_ELECTRONICS,24.75,0.28921
1315,Store_45 - POULTRY,9.28,0.88592
1316,Store_45 - PREPARED_FOODS,10.07,0.71491
1317,Store_45 - PRODUCE,11.93,0.65741
1318,Store_45 - SCHOOL_AND_OFFICE_SUPPLIES,45.87,0.03171
1319,Store_45 - SEAFOOD,12.09,0.7216
1320,Store_46 - AUTOMOTIVE,30.81,0.34401
1321,Store_46 - BABY_CARE,,
1322,Store_46 - BEAUTY,21.46,0.28988
1323,Store_46 - BEVERAGES,17.01,0.73925
1324,Store_46 - BOOKS,160.6,0.00739
1325,Store_46 - BREAD/BAKERY,16.74,0.68804
1326,Store_46 - CELEBRATION,39.85,0.29737
1327,Store_46 - CLEANING,25.22,0.61125
1328,Store_46 - DAIRY,18.24,0.723
1329,Store_46 - DELI,10.5,0.76223
1330,Store_46 - EGGS,16.75,0.78429
1331,Store_46 - FROZEN_FOODS,56.99,0.10637
1332,Store_46 - GROCERY_I,12.32,0.7223
1333,Store_46 - GROCERY_II,24.04,0.43973
1334,Store_46 - HARDWARE,55.45,0.41511
1335,Store_46 - HOME_AND_KITCHEN_I,43.49,0.08578
1336,Store_46 - HOME_AND_KITCHEN_II,35.95,0.38622
1337,Store_46 - HOME_APPLIANCES,95.95,0.0414
1338,Store_46 - HOME_CARE,25.46,0.75478
1339,Store_46 - LADIESWEAR,32.04,0.68222
1340,Store_46 - LAWN_AND_GARDEN,32.27,0.48516
1341,Store_46 - LINGERIE,55.49,0.46411
1342,Store_46 - LIQUOR_WINE_BEER,16.71,0.87021
1343,Store_46 - MAGAZINES,39.85,0.10726
1344,Store_46 - MEATS,11.74,0.85517
1345,Store_46 - PERSONAL_CARE,15.53,0.74452
1346,Store_46 - PET_SUPPLIES,28.77,0.52193
1347,Store_46 - PLAYERS_AND_ELECTRONICS,14.83,0.73116
1348,Store_46 - POULTRY,15.58,0.82102
1349,Store_46 - PREPARED_FOODS,18.87,0.34521
1350,Store_46 - PRODUCE,11.06,0.73633
1351,Store_46 - SCHOOL_AND_OFFICE_SUPPLIES,40.06,0.10137
1352,Store_46 - SEAFOOD,16.55,0.71088
1353,Store_47 - AUTOMOTIVE,46.45,0.36062
1354,Store_47 - BABY_CARE,,
1355,Store_47 - BEAUTY,17.09,0.44341
1356,Store_47 - BEVERAGES,11.86,0.6724
1357,Store_47 - BOOKS,,
1358,Store_47 - BREAD/BAKERY,8.66,0.77789
1359,Store_47 - CELEBRATION,38.92,0.17974
1360,Store_47 - CLEANING,15.32,0.61485
1361,Store_47 - DAIRY,15.24,0.67197
1362,Store_47 - DELI,12.3,0.64532
1363,Store_47 - EGGS,11.21,0.78046
1364,Store_47 - FROZEN_FOODS,24.57,0.25379
1365,Store_47 - GROCERY_I,16.17,0.39468
1366,Store_47 - GROCERY_II,28.08,0.13755
1367,Store_47 - HARDWARE,66.9,0.00411
1368,Store_47 - HOME_AND_KITCHEN_I,33.51,0.01185
1369,Store_47 - HOME_AND_KITCHEN_II,40.99,0.00095
1370,Store_47 - HOME_APPLIANCES,52.01,0.12399
1371,Store_47 - HOME_CARE,21.56,0.33724
1372,Store_47 - LADIESWEAR,48.5,0.3208
1373,Store_47 - LAWN_AND_GARDEN,42.45,0.14232
1374,Store_47 - LINGERIE,88.51,0.59059
1375,Store_47 - LIQUOR_WINE_BEER,22.69,0.6642
1376,Store_47 - MAGAZINES,35.28,0.56044
1377,Store_47 - MEATS,11.38,0.86433
1378,Store_47 - PERSONAL_CARE,16.64,0.66082
1379,Store_47 - PET_SUPPLIES,27.71,0.63629
1380,Store_47 - PLAYERS_AND_ELECTRONICS,27.87,0.42447
1381,Store_47 - POULTRY,14.79,0.71403
1382,Store_47 - PREPARED_FOODS,15.02,0.32578
1383,Store_47 - PRODUCE,10.47,0.71432
1384,Store_47 - SCHOOL_AND_OFFICE_SUPPLIES,80.87,0.06971
1385,Store_47 - SEAFOOD,12.27,0.68229
1386,Store_48 - AUTOMOTIVE,29.28,0.27742
1387,Store_48 - BABY_CARE,,
1388,Store_48 - BEAUTY,20.54,0.73893
1389,Store_48 - BEVERAGES,14.84,0.76152
1390,Store_48 - BOOKS,,
1391,Store_48 - BREAD/BAKERY,8.34,0.84667
1392,Store_48 - CELEBRATION,48.81,0.00023
1393,Store_48 - CLEANING,18.54,0.58426
1394,Store_48 - DAIRY,15.94,0.66118
1395,Store_48 - DELI,11.28,0.80604
1396,Store_48 - EGGS,14.8,0.79533
1397,Store_48 - FROZEN_FOODS,75.25,0.27965
1398,Store_48 - GROCERY_I,11.72,0.73428
1399,Store_48 - GROCERY_II,43.06,0.40765
1400,Store_48 - HARDWARE,193.46,0.32667
1401,Store_48 - HOME_AND_KITCHEN_I,23.65,0.44507
1402,Store_48 - HOME_AND_KITCHEN_II,383.88,0.00023
1403,Store_48 - HOME_APPLIANCES,96.3,0.00126
1404,Store_48 - HOME_CARE,21.29,0.46676
1405,Store_48 - LADIESWEAR,42.43,0.62969
1406,Store_48 - LAWN_AND_GARDEN,83.18,0.35065
1407,Store_48 - LINGERIE,60.84,0.03768
1408,Store_48 - LIQUOR_WINE_BEER,27.02,0.62063
1409,Store_48 - MAGAZINES,25.85,0.75486
1410,Store_48 - MEATS,9.93,0.81985
1411,Store_48 - PERSONAL_CARE,15.2,0.56086
1412,Store_48 - PET_SUPPLIES,20.41,0.63613
1413,Store_48 - PLAYERS_AND_ELECTRONICS,20.61,0.42296
1414,Store_48 - POULTRY,16.08,0.71539
1415,Store_48 - PREPARED_FOODS,19.61,0.37509
1416,Store_48 - PRODUCE,13.49,0.73056
1417,Store_48 - SCHOOL_AND_OFFICE_SUPPLIES,69.65,0.74643
1418,Store_48 - SEAFOOD,20.62,0.58817
1419,Store_49 - AUTOMOTIVE,37.83,0.00115
1420,Store_49 - BABY_CARE,,
1421,Store_49 - BEAUTY,30.58,0.46446
1422,Store_49 - BEVERAGES,13.27,0.60382
1423,Store_49 - BOOKS,,
1424,Store_49 - BREAD/BAKERY,10.75,0.37572
1425,Store_49 - CELEBRATION,37.88,0.00059
1426,Store_49 - CLEANING,17.21,0.32294
1427,Store_49 - DAIRY,13.3,0.38395
1428,Store_49 - DELI,11.56,0.58435
1429,Store_49 - EGGS,11.59,0.61479
1430,Store_49 - FROZEN_FOODS,20.64,0.14302
1431,Store_49 - GROCERY_I,9.22,0.41017
1432,Store_49 - GROCERY_II,16.58,0.00114
1433,Store_49 - HARDWARE,98.33,0.00152
1434,Store_49 - HOME_AND_KITCHEN_I,40.09,0.02286
1435,Store_49 - HOME_AND_KITCHEN_II,38.36,0.00961
1436,Store_49 - HOME_APPLIANCES,76.18,0.06354
1437,Store_49 - HOME_CARE,22.48,0.36912
1438,Store_49 - LADIESWEAR,87.42,0.1024
1439,Store_49 - LAWN_AND_GARDEN,39.76,0.28261
1440,Store_49 - LINGERIE,79.31,0.06298
1441,Store_49 - LIQUOR_WINE_BEER,16.8,0.82348
1442,Store_49 - MAGAZINES,38.14,0.02312
1443,Store_49 - MEATS,12.31,0.88824
1444,Store_49 - PERSONAL_CARE,12.57,0.5214
1445,Store_49 - PET_SUPPLIES,42.74,0.54595
1446,Store_49 - PLAYERS_AND_ELECTRONICS,28.96,0.28542
1447,Store_49 - POULTRY,14.18,0.64245
1448,Store_49 - PREPARED_FOODS,17.21,0.18735
1449,Store_49 - PRODUCE,8.95,0.7455
1450,Store_49 - SCHOOL_AND_OFFICE_SUPPLIES,37.81,0.2428
1451,Store_49 - SEAFOOD,13.31,0.55718
1452,Store_5 - AUTOMOTIVE,78.42,0.14035
1453,Store_5 - BABY_CARE,92.27,0.52811
1454,Store_5 - BEAUTY,37.51,0.5956
1455,Store_5 - BEVERAGES,17.9,0.33359
1456,Store_5 - BOOKS,,
1457,Store_5 - BREAD/BAKERY,10.44,0.25161
1458,Store_5 - CELEBRATION,22.25,0.30391
1459,Store_5 - CLEANING,25.09,0.37516
1460,Store_5 - DAIRY,8.9,0.51464
1461,Store_5 - DELI,9.83,0.37662
1462,Store_5 - EGGS,8.94,0.60214
1463,Store_5 - FROZEN_FOODS,25.49,0.2333
1464,Store_5 - GROCERY_I,7.75,0.58163
1465,Store_5 - GROCERY_II,111.74,0.70058
1466,Store_5 - HARDWARE,43.82,0.14274
1467,Store_5 - HOME_AND_KITCHEN_I,26.41,0.00103
1468,Store_5 - HOME_AND_KITCHEN_II,56.13,0.36729
1469,Store_5 - HOME_APPLIANCES,,
1470,Store_5 - HOME_CARE,39.58,0.2509
1471,Store_5 - LADIESWEAR,52.74,0.07748
1472,Store_5 - LAWN_AND_GARDEN,57.31,0.00363
1473,Store_5 - LINGERIE,47.78,0.00355
1474,Store_5 - LIQUOR_WINE_BEER,23.32,0.81788
1475,Store_5 - MAGAZINES,48.56,0.36158
1476,Store_5 - MEATS,11.24,0.40391
1477,Store_5 - PERSONAL_CARE,25.57,0.4451
1478,Store_5 - PET_SUPPLIES,102.11,0.04913
1479,Store_5 - PLAYERS_AND_ELECTRONICS,50.97,0.13597
1480,Store_5 - POULTRY,8.35,0.67911
1481,Store_5 - PREPARED_FOODS,11.61,0.16906
1482,Store_5 - PRODUCE,9.71,0.73604
1483,Store_5 - SCHOOL_AND_OFFICE_SUPPLIES,64.26,0.18186
1484,Store_5 - SEAFOOD,46.93,0.00087
1485,Store_50 - AUTOMOTIVE,46.73,0.00248
1486,Store_50 - BABY_CARE,,
1487,Store_50 - BEAUTY,28.87,0.34768
1488,Store_50 - BEVERAGES,14.79,0.5298
1489,Store_50 - BOOKS,,
1490,Store_50 - BREAD/BAKERY,15.03,0.23806
1491,Store_50 - CELEBRATION,36.61,0.09989
1492,Store_50 - CLEANING,31.23,0.45289
1493,Store_50 - DAIRY,15.61,0.47771
1494,Store_50 - DELI,15.26,0.41922
1495,Store_50 - EGGS,13.92,0.6384
1496,Store_50 - FROZEN_FOODS,50.43,0.0013
1497,Store_50 - GROCERY_I,10.02,0.58655
1498,Store_50 - GROCERY_II,133.84,0.1024
1499,Store_50 - HARDWARE,45.83,0.13656
1500,Store_50 - HOME_AND_KITCHEN_I,33.28,0.02858
1501,Store_50 - HOME_AND_KITCHEN_II,75.98,0.00164
1502,Store_50 - HOME_APPLIANCES,216.51,0.0353
1503,Store_50 - HOME_CARE,39.85,0.32033
1504,Store_50 - LADIESWEAR,197.79,0.34371
1505,Store_50 - LAWN_AND_GARDEN,31.78,0.18516
1506,Store_50 - LINGERIE,68.8,0.06021
1507,Store_50 - LIQUOR_WINE_BEER,18.84,0.73025
1508,Store_50 - MAGAZINES,36.54,0.22167
1509,Store_50 - MEATS,10.32,0.63402
1510,Store_50 - PERSONAL_CARE,12.32,0.73226
1511,Store_50 - PET_SUPPLIES,27.89,0.47791
1512,Store_50 - PLAYERS_AND_ELECTRONICS,23.94,0.42219
1513,Store_50 - POULTRY,15.21,0.36106
1514,Store_50 - PREPARED_FOODS,18.82,0.01295
1515,Store_50 - PRODUCE,12.49,0.34472
1516,Store_50 - SCHOOL_AND_OFFICE_SUPPLIES,64.42,0.30926
1517,Store_50 - SEAFOOD,41.77,0.34741
1518,Store_51 - AUTOMOTIVE,32.09,2e-05
1519,Store_51 - BABY_CARE,,
1520,Store_51 - BEAUTY,33.68,0.62234
1521,Store_51 - BEVERAGES,10.7,0.6882
1522,Store_51 - BOOKS,,
1523,Store_51 - BREAD/BAKERY,10.15,0.7006
1524,Store_51 - CELEBRATION,38.42,0.31968
1525,Store_51 - CLEANING,11.39,0.74245
1526,Store_51 - DAIRY,8.81,0.668
1527,Store_51 - DELI,11.19,0.71024
1528,Store_51 - EGGS,8.84,0.70218
1529,Store_51 - FROZEN_FOODS,18.99,0.50913
1530,Store_51 - GROCERY_I,9.09,0.69113
1531,Store_51 - GROCERY_II,53.21,0.00153
1532,Store_51 - HARDWARE,45.97,0.00045
1533,Store_51 - HOME_AND_KITCHEN_I,52.79,0.28777
1534,Store_51 - HOME_AND_KITCHEN_II,60.58,0.00358
1535,Store_51 - HOME_APPLIANCES,204.91,0.21087
1536,Store_51 - HOME_CARE,28.91,0.43687
1537,Store_51 - LADIESWEAR,63.18,0.78979
1538,Store_51 - LAWN_AND_GARDEN,21.05,0.32284
1539,Store_51 - LINGERIE,69.11,0.00289
1540,Store_51 - LIQUOR_WINE_BEER,23.6,0.71308
1541,Store_51 - MAGAZINES,29.67,0.30123
1542,Store_51 - MEATS,9.58,0.92661
1543,Store_51 - PERSONAL_CARE,19.77,0.59659
1544,Store_51 - PET_SUPPLIES,36.12,0.04881
1545,Store_51 - PLAYERS_AND_ELECTRONICS,68.24,0.02686
1546,Store_51 - POULTRY,21.22,0.61088
1547,Store_51 - PREPARED_FOODS,15.71,0.08883
1548,Store_51 - PRODUCE,9.83,0.82848
1549,Store_51 - SCHOOL_AND_OFFICE_SUPPLIES,125.59,0.10932
1550,Store_51 - SEAFOOD,18.99,0.57524
1551,Store_52 - AUTOMOTIVE,39.59,0.50013
1552,Store_52 - BABY_CARE,,
1553,Store_52 - BEAUTY,31.51,0.22641
1554,Store_52 - BEVERAGES,19.1,0.4681
1555,Store_52 - BOOKS,,
1556,Store_52 - BREAD/BAKERY,15.2,0.53802
1557,Store_52 - CELEBRATION,40.14,0.0321
1558,Store_52 - CLEANING,13.04,0.2588
1559,Store_52 - DAIRY,11.72,0.42495
1560,Store_52 - DELI,11.83,0.53909
1561,Store_52 - EGGS,9.0,0.57897
1562,Store_52 - FROZEN_FOODS,24.6,0.65154
1563,Store_52 - GROCERY_I,18.95,0.44038
1564,Store_52 - GROCERY_II,46.1,0.24623
1565,Store_52 - HARDWARE,84.3,0.00218
1566,Store_52 - HOME_AND_KITCHEN_I,42.28,0.07176
1567,Store_52 - HOME_AND_KITCHEN_II,28.46,0.08582
1568,Store_52 - HOME_APPLIANCES,127.21,0.06976
1569,Store_52 - HOME_CARE,10.95,0.57197
1570,Store_52 - LADIESWEAR,27.82,0.58433
1571,Store_52 - LAWN_AND_GARDEN,24.68,0.48335
1572,Store_52 - LINGERIE,41.34,0.00014
1573,Store_52 - LIQUOR_WINE_BEER,20.68,0.55019
1574,Store_52 - MAGAZINES,45.96,0.00016
1575,Store_52 - MEATS,12.0,0.83579
1576,Store_52 - PERSONAL_CARE,29.09,0.35498
1577,Store_52 - PET_SUPPLIES,35.69,0.00444
1578,Store_52 - PLAYERS_AND_ELECTRONICS,26.21,0.16784
1579,Store_52 - POULTRY,11.54,0.69467
1580,Store_52 - PREPARED_FOODS,18.87,0.1386
1581,Store_52 - PRODUCE,11.07,0.81904
1582,Store_52 - SCHOOL_AND_OFFICE_SUPPLIES,58.51,0.00274
1583,Store_52 - SEAFOOD,58.54,0.03424
1584,Store_53 - AUTOMOTIVE,115.66,0.46277
1585,Store_53 - BABY_CARE,,
1586,Store_53 - BEAUTY,173.2,0.44702
1587,Store_53 - BEVERAGES,15.98,0.58395
1588,Store_53 - BOOKS,,
1589,Store_53 - BREAD/BAKERY,10.68,0.678
1590,Store_53 - CELEBRATION,81.47,0.11982
1591,Store_53 - CLEANING,20.4,0.55847
1592,Store_53 - DAIRY,12.71,0.6766
1593,Store_53 - DELI,18.59,0.53857
1594,Store_53 - EGGS,11.2,0.63854
1595,Store_53 - FROZEN_FOODS,27.14,0.67212
1596,Store_53 - GROCERY_I,12.97,0.66658
1597,Store_53 - GROCERY_II,41.46,0.3922
1598,Store_53 - HARDWARE,75.2,0.0757
1599,Store_53 - HOME_AND_KITCHEN_I,33.22,0.01989
1600,Store_53 - HOME_AND_KITCHEN_II,51.57,0.03504
1601,Store_53 - HOME_APPLIANCES,254.09,0.18467
1602,Store_53 - HOME_CARE,41.17,0.40754
1603,Store_53 - LADIESWEAR,84.17,0.41903
1604,Store_53 - LAWN_AND_GARDEN,43.97,0.26592
1605,Store_53 - LINGERIE,62.78,0.02751
1606,Store_53 - LIQUOR_WINE_BEER,113.89,0.74583
1607,Store_53 - MAGAZINES,62.14,0.48849
1608,Store_53 - MEATS,11.5,0.86953
1609,Store_53 - PERSONAL_CARE,79.63,0.67704
1610,Store_53 - PET_SUPPLIES,69.04,0.07269
1611,Store_53 - PLAYERS_AND_ELECTRONICS,61.26,0.25505
1612,Store_53 - POULTRY,18.3,0.75228
1613,Store_53 - PREPARED_FOODS,27.9,0.7451
1614,Store_53 - PRODUCE,10.99,0.83194
1615,Store_53 - SCHOOL_AND_OFFICE_SUPPLIES,344.6,0.3306
1616,Store_53 - SEAFOOD,73.36,0.15055
1617,Store_54 - AUTOMOTIVE,49.01,0.48293
1618,Store_54 - BABY_CARE,,
1619,Store_54 - BEAUTY,49.95,0.48642
1620,Store_54 - BEVERAGES,30.1,0.34464
1621,Store_54 - BOOKS,,
1622,Store_54 - BREAD/BAKERY,12.89,0.86832
1623,Store_54 - CELEBRATION,77.81,0.15087
1624,Store_54 - CLEANING,30.46,0.28443
1625,Store_54 - DAIRY,11.7,0.58309
1626,Store_54 - DELI,16.27,0.53039
1627,Store_54 - EGGS,45.57,0.13605
1628,Store_54 - FROZEN_FOODS,35.33,0.32702
1629,Store_54 - GROCERY_I,10.41,0.57355
1630,Store_54 - GROCERY_II,63.85,1e-05
1631,Store_54 - HARDWARE,42.81,0.00033
1632,Store_54 - HOME_AND_KITCHEN_I,60.51,0.16832
1633,Store_54 - HOME_AND_KITCHEN_II,59.81,0.05872
1634,Store_54 - HOME_APPLIANCES,225.42,0.00206
1635,Store_54 - HOME_CARE,22.95,0.42327
1636,Store_54 - LADIESWEAR,,
1637,Store_54 - LAWN_AND_GARDEN,,
1638,Store_54 - LINGERIE,57.27,0.01336
1639,Store_54 - LIQUOR_WINE_BEER,49.07,0.0053
1640,Store_54 - MAGAZINES,57.14,0.05233
1641,Store_54 - MEATS,17.11,0.24512
1642,Store_54 - PERSONAL_CARE,15.08,0.70973
1643,Store_54 - PET_SUPPLIES,361.4,0.02084
1644,Store_54 - PLAYERS_AND_ELECTRONICS,115.3,0.0026
1645,Store_54 - POULTRY,14.74,0.36989
1646,Store_54 - PREPARED_FOODS,19.12,0.37337
1647,Store_54 - PRODUCE,7.26,0.86999
1648,Store_54 - SCHOOL_AND_OFFICE_SUPPLIES,,
1649,Store_54 - SEAFOOD,47.72,0.03797
1650,Store_6 - AUTOMOTIVE,27.58,0.0181
1651,Store_6 - BABY_CARE,,
1652,Store_6 - BEAUTY,45.41,0.00203
1653,Store_6 - BEVERAGES,17.49,0.60579
1654,Store_6 - BOOKS,,
1655,Store_6 - BREAD/BAKERY,13.79,0.37564
1656,Store_6 - CELEBRATION,93.1,0.02129
1657,Store_6 - CLEANING,21.68,0.64741
1658,Store_6 - DAIRY,13.5,0.76399
1659,Store_6 - DELI,18.32,0.44713
1660,Store_6 - EGGS,8.75,0.85442
1661,Store_6 - FROZEN_FOODS,25.06,0.37485
1662,Store_6 - GROCERY_I,11.22,0.64526
1663,Store_6 - GROCERY_II,20.62,0.4677
1664,Store_6 - HARDWARE,80.05,0.27057
1665,Store_6 - HOME_AND_KITCHEN_I,34.48,0.09757
1666,Store_6 - HOME_AND_KITCHEN_II,55.0,0.10093
1667,Store_6 - HOME_APPLIANCES,,
1668,Store_6 - HOME_CARE,36.07,0.35542
1669,Store_6 - LADIESWEAR,31.78,0.61605
1670,Store_6 - LAWN_AND_GARDEN,38.97,0.28534
1671,Store_6 - LINGERIE,120.03,0.31677
1672,Store_6 - LIQUOR_WINE_BEER,24.15,0.85736
1673,Store_6 - MAGAZINES,26.49,0.10392
1674,Store_6 - MEATS,10.14,0.71262
1675,Store_6 - PERSONAL_CARE,13.97,0.5184
1676,Store_6 - PET_SUPPLIES,31.59,0.02042
1677,Store_6 - PLAYERS_AND_ELECTRONICS,35.35,0.16771
1678,Store_6 - POULTRY,10.55,0.86937
1679,Store_6 - PREPARED_FOODS,17.72,0.48119
1680,Store_6 - PRODUCE,8.14,0.80851
1681,Store_6 - SCHOOL_AND_OFFICE_SUPPLIES,,
1682,Store_6 - SEAFOOD,11.65,0.68994
1683,Store_7 - AUTOMOTIVE,60.12,0.00462
1684,Store_7 - BABY_CARE,,
1685,Store_7 - BEAUTY,47.6,0.01843
1686,Store_7 - BEVERAGES,16.33,0.23992
1687,Store_7 - BOOKS,44.11,0.00764
1688,Store_7 - BREAD/BAKERY,30.03,0.21799
1689,Store_7 - CELEBRATION,41.56,0.00125
1690,Store_7 - CLEANING,21.46,0.721
1691,Store_7 - DAIRY,15.26,0.30563
1692,Store_7 - DELI,13.79,0.59159
1693,Store_7 - EGGS,13.24,0.44517
1694,Store_7 - FROZEN_FOODS,30.05,0.29269
1695,Store_7 - GROCERY_I,19.4,0.74364
1696,Store_7 - GROCERY_II,26.38,0.12039
1697,Store_7 - HARDWARE,83.53,0.00052
1698,Store_7 - HOME_AND_KITCHEN_I,37.58,1e-05
1699,Store_7 - HOME_AND_KITCHEN_II,41.18,0.24831
1700,Store_7 - HOME_APPLIANCES,59.09,0.00206
1701,Store_7 - HOME_CARE,26.6,0.50091
1702,Store_7 - LADIESWEAR,69.32,0.003
1703,Store_7 - LAWN_AND_GARDEN,26.41,0.313
1704,Store_7 - LINGERIE,61.02,0.01352
1705,Store_7 - LIQUOR_WINE_BEER,15.27,0.92791
1706,Store_7 - MAGAZINES,75.93,0.18725
1707,Store_7 - MEATS,13.09,0.61121
1708,Store_7 - PERSONAL_CARE,25.07,0.24784
1709,Store_7 - PET_SUPPLIES,34.33,0.14213
1710,Store_7 - PLAYERS_AND_ELECTRONICS,40.5,0.00073
1711,Store_7 - POULTRY,12.86,0.50964
1712,Store_7 - PREPARED_FOODS,19.27,0.0608
1713,Store_7 - PRODUCE,11.43,0.78242
1714,Store_7 - SCHOOL_AND_OFFICE_SUPPLIES,87.03,0.02476
1715,Store_7 - SEAFOOD,18.84,0.35984
1716,Store_8 - AUTOMOTIVE,121.2,0.17268
1717,Store_8 - BABY_CARE,57.33,0.00018
1718,Store_8 - BEAUTY,41.71,0.28709
1719,Store_8 - BEVERAGES,15.17,0.51109
1720,Store_8 - BOOKS,,
1721,Store_8 - BREAD/BAKERY,16.76,0.29313
1722,Store_8 - CELEBRATION,57.5,0.23068
1723,Store_8 - CLEANING,17.09,0.30732
1724,Store_8 - DAIRY,12.12,0.50911
1725,Store_8 - DELI,15.44,0.4307
1726,Store_8 - EGGS,10.36,0.80201
1727,Store_8 - FROZEN_FOODS,20.3,0.16846
1728,Store_8 - GROCERY_I,9.14,0.62812
1729,Store_8 - GROCERY_II,17.4,0.2663
1730,Store_8 - HARDWARE,109.72,0.04695
1731,Store_8 - HOME_AND_KITCHEN_I,36.19,0.29083
1732,Store_8 - HOME_AND_KITCHEN_II,28.81,0.32563
1733,Store_8 - HOME_APPLIANCES,,
1734,Store_8 - HOME_CARE,18.6,0.13442
1735,Store_8 - LADIESWEAR,41.3,0.0099
1736,Store_8 - LAWN_AND_GARDEN,21.76,0.5016
1737,Store_8 - LINGERIE,50.61,0.10056
1738,Store_8 - LIQUOR_WINE_BEER,21.92,0.77846
1739,Store_8 - MAGAZINES,38.84,0.14781
1740,Store_8 - MEATS,15.76,0.68454
1741,Store_8 - PERSONAL_CARE,20.29,0.52922
1742,Store_8 - PET_SUPPLIES,24.61,0.59328
1743,Store_8 - PLAYERS_AND_ELECTRONICS,24.87,0.21831
1744,Store_8 - POULTRY,12.6,0.83115
1745,Store_8 - PREPARED_FOODS,16.81,0.33779
1746,Store_8 - PRODUCE,12.49,0.73507
1747,Store_8 - SCHOOL_AND_OFFICE_SUPPLIES,47.9,0.0383
1748,Store_8 - SEAFOOD,31.89,0.267
1749,Store_9 - AUTOMOTIVE,31.89,0.06165
1750,Store_9 - BABY_CARE,92.55,0.11501
1751,Store_9 - BEAUTY,37.97,0.3145
1752,Store_9 - BEVERAGES,12.49,0.53317
1753,Store_9 - BOOKS,,
1754,Store_9 - BREAD/BAKERY,18.73,0.43552
1755,Store_9 - CELEBRATION,46.92,0.11177
1756,Store_9 - CLEANING,25.63,0.08414
1757,Store_9 - DAIRY,14.21,0.47507
1758,Store_9 - DELI,9.2,0.63145
1759,Store_9 - EGGS,23.98,0.59188
1760,Store_9 - FROZEN_FOODS,40.18,0.16173
1761,Store_9 - GROCERY_I,11.79,0.51441
1762,Store_9 - GROCERY_II,34.49,0.1396
1763,Store_9 - HARDWARE,50.58,0.12999
1764,Store_9 - HOME_AND_KITCHEN_I,23.51,0.00081
1765,Store_9 - HOME_AND_KITCHEN_II,19.67,0.54868
1766,Store_9 - HOME_APPLIANCES,,
1767,Store_9 - HOME_CARE,16.57,0.19097
1768,Store_9 - LADIESWEAR,113.78,0.28657
1769,Store_9 - LAWN_AND_GARDEN,110.02,0.04531
1770,Store_9 - LINGERIE,35.82,0.31115
1771,Store_9 - LIQUOR_WINE_BEER,22.64,0.84446
1772,Store_9 - MAGAZINES,58.55,0.00064
1773,Store_9 - MEATS,17.35,0.44761
1774,Store_9 - PERSONAL_CARE,13.71,0.35317
1775,Store_9 - PET_SUPPLIES,77.1,0.00045
1776,Store_9 - PLAYERS_AND_ELECTRONICS,78.67,0.31951
1777,Store_9 - POULTRY,15.09,0.44717
1778,Store_9 - PREPARED_FOODS,25.51,0.20726
1779,Store_9 - PRODUCE,11.8,0.74855
1780,Store_9 - SCHOOL_AND_OFFICE_SUPPLIES,59.6,0.19047
1781,Store_9 - SEAFOOD,28.61,0.02343
